char_id,era,strength,gender,final_age,final_asset,final_health,final_happiness,final_status,final_humanity,peak_brain,peak_body,peak_social,peak_sense,peak_luck,death_cause,reached_age_80,bankrupt,events_fired
sim_0,近未来,センス,男,41,850000,100,100,30,0,7,10,10,54,11,老衰,0,0,41
sim_1,昭和,センス,女,92,2610000,0,100,34,0,15,12,6,94,7,病死,1,0,92
sim_2,昭和,コミュ,男,91,2530000,0,100,34,0,15,14,96,5,10,病死,1,0,91
sim_3,近未来,肉体,女,104,11920000,5,100,35,0,13,96,15,9,8,寿命,1,0,104
sim_4,平成,肉体,女,108,6290000,0,100,35,0,7,94,8,7,14,病死,1,0,108
sim_5,昭和,センス,女,92,2610000,0,100,34,0,10,14,15,90,8,病死,1,0,92
sim_6,昭和,センス,女,77,1410000,52,100,33,0,10,7,9,75,13,寿命,0,0,77
sim_7,平成,頭脳,男,91,4080000,0,100,34,0,97,10,11,7,9,病死,1,0,91
sim_8,令和,頭脳,女,88,4250000,4,100,34,0,91,14,14,9,5,寿命,1,0,88
sim_9,昭和,頭脳,女,94,2770000,0,100,34,0,92,13,13,12,13,病死,1,0,94
sim_10,平成,センス,男,88,3690000,10,100,34,0,10,14,9,93,6,寿命,1,0,88
sim_11,平成,頭脳,女,94,4470000,0,100,34,0,96,5,10,9,7,病死,1,0,94
sim_12,平成,頭脳,男,91,4080000,14,100,34,0,83,5,6,12,12,寿命,1,0,91
sim_13,昭和,センス,男,84,1970000,26,100,33,0,12,6,5,84,7,寿命,1,0,84
sim_14,近未来,肉体,男,101,11230000,6,100,35,0,15,97,5,14,7,寿命,1,0,101
sim_15,平成,肉体,女,97,4860000,20,100,35,0,13,85,5,10,8,寿命,1,0,97
sim_16,平成,センス,男,79,2520000,32,100,33,0,10,5,5,91,7,寿命,0,0,79
sim_17,平成,コミュ,女,75,2000000,42,100,33,0,12,9,84,9,9,老衰,0,0,75
sim_18,近未来,コミュ,男,94,9620000,0,100,34,0,5,12,93,10,11,病死,1,0,94
sim_19,令和,肉体,女,94,5150000,27,100,34,0,13,84,14,12,9,寿命,1,0,94
sim_20,令和,運,男,89,4400000,0,100,34,50,7,15,11,5,58,病死,1,0,89
sim_21,平成,コミュ,男,84,3170000,23,100,33,0,7,11,91,7,7,寿命,1,0,84
sim_22,令和,コミュ,男,91,4700000,0,100,34,0,12,9,93,9,5,病死,1,0,91
sim_23,平成,頭脳,男,92,4210000,8,100,34,0,81,14,14,13,15,寿命,1,0,92
sim_24,昭和,コミュ,女,92,2610000,0,100,34,0,15,6,89,8,11,病死,1,0,92
sim_25,平成,センス,女,86,3430000,21,100,34,0,15,15,7,92,8,寿命,1,0,86
sim_26,近未来,肉体,女,105,12150000,0,100,35,0,8,100,6,12,8,病死,1,0,105
sim_27,近未来,運,女,91,8930000,0,100,34,50,8,5,8,10,56,病死,1,0,91
sim_28,平成,肉体,女,103,5640000,6,100,35,0,13,98,5,15,5,寿命,1,0,103
sim_29,近未来,センス,男,90,8700000,0,100,34,0,9,9,8,88,6,病死,1,0,90
sim_30,平成,頭脳,男,88,3690000,1,100,34,0,94,10,11,13,14,寿命,1,0,88
sim_31,昭和,コミュ,女,83,1890000,33,100,33,0,7,11,88,10,5,寿命,1,0,83
sim_32,昭和,運,女,93,2690000,0,100,34,50,7,6,14,14,63,病死,1,0,93
sim_33,令和,運,女,92,4850000,2,100,34,50,5,11,11,9,51,寿命,1,0,92
sim_34,近未来,コミュ,男,81,6630000,26,100,33,0,5,13,79,5,13,老衰,1,0,81
sim_35,昭和,肉体,男,87,2210000,44,100,34,0,7,80,14,10,6,寿命,1,0,87
sim_36,平成,頭脳,女,58,50000,86,100,31,0,72,7,7,15,10,老衰,0,0,58
sim_37,昭和,頭脳,女,88,2290000,7,100,34,0,88,7,11,7,7,寿命,1,0,88
sim_38,令和,センス,男,85,3800000,16,100,34,0,6,11,10,97,14,寿命,1,0,85
sim_39,近未来,頭脳,男,92,9160000,0,100,34,0,90,15,6,15,12,病死,1,0,92
sim_40,近未来,センス,女,88,8240000,12,100,34,0,5,15,10,96,15,寿命,1,0,88
sim_41,近未来,コミュ,男,92,9160000,0,100,34,0,11,12,97,8,9,病死,1,0,92
sim_42,昭和,コミュ,男,86,2130000,24,100,34,0,13,15,90,10,11,寿命,1,0,86
sim_43,近未来,肉体,女,93,9390000,26,100,34,0,6,90,9,15,13,寿命,1,0,93
sim_44,平成,運,男,91,4080000,0,100,34,50,7,9,7,12,57,病死,1,0,91
sim_45,令和,コミュ,男,88,4250000,7,100,34,0,5,15,91,15,13,寿命,1,0,88
sim_46,近未来,コミュ,男,90,8700000,14,100,34,0,6,10,99,12,11,寿命,1,0,90
sim_47,令和,肉体,女,97,5600000,24,100,35,0,6,91,11,9,15,寿命,1,0,97
sim_48,近未来,コミュ,男,85,7550000,16,100,34,0,10,8,84,7,7,寿命,1,0,85
sim_49,平成,頭脳,男,88,3690000,7,100,34,0,88,12,7,7,11,寿命,1,0,88
sim_50,昭和,コミュ,女,86,2130000,21,100,34,0,6,15,87,5,10,寿命,1,0,86
sim_51,近未来,運,男,91,8930000,0,100,34,50,7,14,11,9,54,病死,1,0,91
sim_52,令和,センス,女,80,3050000,34,100,33,0,14,10,6,83,9,老衰,1,0,80
sim_53,平成,コミュ,女,92,4210000,0,100,34,0,6,5,100,7,5,病死,1,0,92
sim_54,近未来,運,男,93,9390000,0,100,34,50,12,8,6,14,63,病死,1,0,93
sim_55,近未来,頭脳,女,91,8930000,0,100,34,0,95,12,9,15,6,病死,1,0,91
sim_56,平成,頭脳,男,87,3560000,21,100,34,0,80,7,6,10,10,寿命,1,0,87
sim_57,昭和,センス,女,92,2610000,0,100,34,0,10,6,9,92,13,病死,1,0,92
sim_58,令和,肉体,男,94,5150000,29,100,34,0,6,93,10,7,7,寿命,1,0,94
sim_59,令和,コミュ,男,94,5150000,0,100,34,0,14,5,99,8,5,病死,1,0,94
sim_60,平成,頭脳,女,89,3820000,19,100,34,0,89,8,10,13,8,寿命,1,0,89
sim_61,平成,コミュ,男,91,4080000,0,100,34,0,6,11,96,15,10,病死,1,0,91
sim_62,令和,コミュ,女,91,4700000,0,100,34,0,13,11,97,8,12,病死,1,0,91
sim_63,昭和,肉体,女,78,1490000,61,100,33,0,8,80,9,10,8,寿命,0,0,78
sim_64,近未来,センス,女,96,10080000,7,100,34,0,7,12,12,84,12,寿命,1,0,96
sim_65,昭和,センス,女,75,1250000,53,100,33,0,7,6,11,76,5,老衰,0,0,75
sim_66,令和,肉体,男,97,5600000,16,100,35,0,15,94,9,11,12,寿命,1,0,97
sim_67,令和,頭脳,女,94,5150000,0,100,34,0,85,11,14,13,9,病死,1,0,94
sim_68,近未来,センス,女,91,8930000,0,100,34,0,13,11,10,94,14,病死,1,0,91
sim_69,昭和,コミュ,女,86,2130000,9,100,34,0,15,12,99,7,13,寿命,1,0,86
sim_70,昭和,運,男,84,1970000,18,100,33,50,15,8,12,7,62,寿命,1,0,84
sim_71,令和,肉体,男,89,4400000,38,100,34,0,12,81,11,11,13,寿命,1,0,89
sim_72,令和,肉体,女,96,5450000,25,100,34,0,5,87,10,9,7,寿命,1,0,96
sim_73,平成,運,女,95,4600000,0,100,34,50,10,12,8,6,62,病死,1,0,95
sim_74,近未来,運,女,93,9390000,0,100,34,50,14,7,6,12,61,病死,1,0,93
sim_75,平成,肉体,女,101,5380000,0,100,35,0,15,97,11,10,13,病死,1,0,101
sim_76,平成,コミュ,男,85,3300000,23,100,34,0,14,6,94,8,10,寿命,1,0,85
sim_77,令和,頭脳,女,94,5150000,0,100,34,0,91,14,13,10,12,病死,1,0,94
sim_78,昭和,運,女,92,2610000,0,100,34,50,12,7,14,12,60,病死,1,0,92
sim_79,令和,運,男,96,5450000,0,100,34,50,12,13,5,6,55,病死,1,0,96
sim_80,令和,センス,男,92,4850000,0,100,34,0,5,5,11,95,15,病死,1,0,92
sim_81,昭和,コミュ,男,83,1890000,32,100,33,0,6,8,92,7,15,寿命,1,0,83
sim_82,昭和,センス,女,92,2610000,0,100,34,0,14,9,14,92,7,病死,1,0,92
sim_83,近未来,頭脳,女,91,8930000,0,100,34,0,93,5,5,6,13,病死,1,0,91
sim_84,昭和,コミュ,男,82,1810000,35,100,33,0,10,9,89,8,15,寿命,1,0,82
sim_85,平成,運,男,83,3040000,23,100,33,50,8,8,8,9,55,寿命,1,0,83
sim_86,平成,頭脳,女,84,3170000,26,100,33,0,80,10,5,14,11,寿命,1,0,84
sim_87,近未来,頭脳,男,97,10310000,0,100,35,0,88,13,13,9,13,病死,1,0,97
sim_88,近未来,コミュ,女,88,8240000,2,100,34,0,5,13,100,14,10,寿命,1,0,88
sim_89,昭和,運,男,94,2770000,4,100,34,50,11,7,13,11,56,寿命,1,0,94
sim_90,令和,運,女,92,4850000,0,100,34,50,15,9,11,10,65,病死,1,0,92
sim_91,昭和,頭脳,男,90,2450000,0,100,34,0,92,10,8,12,13,病死,1,0,90
sim_92,平成,頭脳,男,91,4080000,0,100,34,0,91,11,11,11,9,病死,1,0,91
sim_93,昭和,コミュ,男,91,2530000,27,100,34,0,9,8,85,7,15,寿命,1,0,91
sim_94,令和,頭脳,女,91,4700000,5,100,34,0,93,10,7,6,15,寿命,1,0,91
sim_95,令和,肉体,女,25,50000,100,100,29,0,5,37,14,15,5,老衰,0,0,25
sim_96,近未来,肉体,男,100,11000000,15,100,35,0,5,92,8,11,12,寿命,1,0,100
sim_97,令和,運,女,95,5300000,0,100,34,50,8,6,12,15,60,病死,1,0,95
sim_98,令和,コミュ,女,88,4250000,0,100,34,0,12,14,91,14,13,病死,1,0,88
sim_99,平成,頭脳,男,90,3950000,0,100,34,0,92,7,10,10,6,病死,1,0,90
sim_100,近未来,頭脳,女,92,9160000,0,100,34,0,96,10,15,6,10,病死,1,0,92
sim_101,平成,コミュ,女,90,3950000,2,100,34,0,7,9,97,12,7,寿命,1,0,90
sim_102,昭和,運,男,89,2370000,5,100,34,50,11,10,7,7,61,寿命,1,0,89
sim_103,令和,コミュ,男,89,4400000,0,100,34,0,5,6,87,14,9,病死,1,0,89
sim_104,平成,センス,女,91,4080000,10,100,34,0,14,9,11,86,5,寿命,1,0,91
sim_105,昭和,コミュ,男,38,50000,100,100,30,0,14,10,50,15,14,老衰,0,0,38
sim_106,平成,運,男,94,4470000,0,100,34,50,14,7,15,5,59,病死,1,0,94
sim_107,昭和,運,女,94,2770000,0,100,34,50,8,12,6,9,57,病死,1,0,94
sim_108,昭和,頭脳,男,92,2610000,0,100,34,0,90,15,15,15,5,病死,1,0,92
sim_109,昭和,肉体,女,94,2770000,29,100,34,0,6,81,13,14,13,寿命,1,0,94
sim_110,平成,運,女,88,3690000,0,100,34,50,14,14,11,14,59,病死,1,0,88
sim_111,昭和,運,男,89,2370000,0,100,34,50,7,13,5,5,62,病死,1,0,89
sim_112,昭和,肉体,女,95,2850000,28,100,34,0,7,93,5,9,8,寿命,1,0,95
sim_113,昭和,運,男,76,1330000,56,100,33,50,10,6,9,15,48,老衰,0,0,76
sim_114,昭和,頭脳,女,88,2290000,21,100,34,0,84,7,10,5,10,寿命,1,0,88
sim_115,近未来,コミュ,女,91,8930000,0,100,34,0,10,7,100,8,15,病死,1,0,91
sim_116,昭和,センス,男,74,1170000,44,100,33,0,12,14,14,77,5,寿命,0,0,74
sim_117,昭和,コミュ,男,85,2050000,28,100,34,0,10,6,81,9,11,寿命,1,0,85
sim_118,近未来,運,男,92,9160000,0,100,34,50,8,10,7,10,53,病死,1,0,92
sim_119,平成,頭脳,女,89,3820000,2,100,34,0,96,9,15,7,9,寿命,1,0,89
sim_120,昭和,コミュ,女,85,2050000,19,100,34,0,5,9,91,6,9,寿命,1,0,85
sim_121,令和,運,男,91,4700000,1,100,34,50,7,12,9,9,59,寿命,1,0,91
sim_122,近未来,センス,女,91,8930000,0,100,34,0,8,10,7,95,10,病死,1,0,91
sim_123,平成,センス,男,87,3560000,11,100,34,0,8,12,8,91,9,寿命,1,0,87
sim_124,昭和,頭脳,男,91,2530000,10,100,34,0,94,13,7,6,8,寿命,1,0,91
sim_125,令和,肉体,女,99,5900000,16,100,35,0,12,93,7,9,8,寿命,1,0,99
sim_126,昭和,コミュ,女,89,2370000,16,100,34,0,11,5,89,10,9,寿命,1,0,89
sim_127,平成,コミュ,女,78,2390000,38,100,33,0,14,6,79,14,10,寿命,0,0,78
sim_128,近未来,コミュ,女,92,9160000,0,100,34,0,5,12,91,5,15,病死,1,0,92
sim_129,昭和,運,女,87,2210000,2,100,34,50,9,11,14,6,58,寿命,1,0,87
sim_130,平成,運,男,89,3820000,0,100,34,50,10,13,12,15,54,病死,1,0,89
sim_131,近未来,センス,男,90,8700000,5,100,34,0,15,7,6,93,11,寿命,1,0,90
sim_132,近未来,肉体,女,82,6860000,51,100,33,0,11,81,15,9,7,老衰,1,0,82
sim_133,昭和,コミュ,男,87,2210000,20,100,34,0,9,9,87,9,9,寿命,1,0,87
sim_134,近未来,運,男,89,8470000,0,100,34,50,7,12,13,7,64,病死,1,0,89
sim_135,昭和,頭脳,男,85,2050000,22,100,34,0,88,12,12,9,6,寿命,1,0,85
sim_136,令和,肉体,女,91,4700000,28,100,34,0,13,96,5,12,15,寿命,1,0,91
sim_137,近未来,頭脳,男,91,8930000,0,100,34,0,96,11,6,15,11,病死,1,0,91
sim_138,昭和,頭脳,女,88,2290000,24,100,34,0,82,7,13,11,11,寿命,1,0,88
sim_139,昭和,コミュ,男,85,2050000,23,100,34,0,11,5,94,14,6,寿命,1,0,85
sim_140,昭和,コミュ,男,91,2530000,0,100,34,0,12,5,96,15,8,病死,1,0,91
sim_141,令和,コミュ,男,87,4100000,14,100,34,0,13,12,88,11,6,寿命,1,0,87
sim_142,昭和,運,男,85,2050000,27,100,34,50,12,13,8,7,50,寿命,1,0,85
sim_143,昭和,センス,男,86,2130000,19,100,34,0,5,13,15,86,6,寿命,1,0,86
sim_144,近未来,コミュ,男,88,8240000,8,100,34,0,13,9,98,8,8,寿命,1,0,88
sim_145,近未来,運,男,96,10080000,0,100,34,50,8,13,11,6,57,病死,1,0,96
sim_146,平成,肉体,男,93,4340000,34,100,34,0,5,80,11,14,11,寿命,1,0,93
sim_147,近未来,頭脳,女,32,400000,100,100,29,0,44,7,7,9,14,老衰,0,0,32
sim_148,近未来,頭脳,男,92,9160000,0,100,34,0,91,15,8,11,12,病死,1,0,92
sim_149,昭和,頭脳,女,88,2290000,19,100,34,0,88,14,8,13,6,寿命,1,0,88
sim_150,近未来,肉体,女,100,11000000,15,100,35,0,9,95,11,6,13,寿命,1,0,100
sim_151,昭和,運,男,92,2610000,0,100,34,50,13,14,14,10,59,病死,1,0,92
sim_152,令和,運,女,91,4700000,0,100,34,50,15,11,5,6,55,病死,1,0,91
sim_153,昭和,肉体,女,88,2290000,45,100,34,0,6,89,11,9,13,寿命,1,0,88
sim_154,近未来,肉体,男,98,10540000,17,100,35,0,11,92,12,14,11,寿命,1,0,98
sim_155,近未来,肉体,男,97,10310000,10,100,35,0,12,97,13,12,14,寿命,1,0,97
sim_156,昭和,頭脳,女,92,2610000,0,100,34,0,89,14,8,12,5,病死,1,0,92
sim_157,昭和,肉体,女,91,2530000,38,100,34,0,9,90,10,11,6,寿命,1,0,91
sim_158,平成,センス,女,96,4730000,0,100,34,0,10,7,6,85,11,病死,1,0,96
sim_159,近未来,センス,女,90,8700000,0,100,34,0,14,15,10,99,12,病死,1,0,90
sim_160,近未来,頭脳,女,89,8470000,0,100,34,0,91,13,8,6,9,病死,1,0,89
sim_161,昭和,頭脳,男,89,2370000,17,100,34,0,83,8,15,11,5,寿命,1,0,89
sim_162,近未来,コミュ,男,92,9160000,0,100,34,0,7,12,86,11,6,病死,1,0,92
sim_163,近未来,センス,男,93,9390000,0,100,34,0,13,11,6,92,7,病死,1,0,93
sim_164,近未来,頭脳,女,92,9160000,0,100,34,0,88,6,14,5,11,病死,1,0,92
sim_165,平成,コミュ,男,90,3950000,8,100,34,0,11,13,97,7,6,寿命,1,0,90
sim_166,昭和,肉体,男,73,1090000,73,100,33,0,11,74,15,9,12,老衰,0,0,73
sim_167,近未来,頭脳,女,88,8240000,0,100,34,0,93,12,12,11,12,病死,1,0,88
sim_168,令和,肉体,男,103,6500000,0,100,35,0,10,98,12,12,7,病死,1,0,103
sim_169,令和,肉体,女,101,6200000,2,100,35,0,7,100,5,12,14,寿命,1,0,101
sim_170,令和,コミュ,女,95,5300000,2,100,34,0,14,14,87,14,6,寿命,1,0,95
sim_171,平成,コミュ,男,86,3430000,14,100,34,0,15,15,89,12,13,寿命,1,0,86
sim_172,昭和,肉体,男,83,1890000,57,100,33,0,13,87,11,6,9,寿命,1,0,83
sim_173,平成,運,男,91,4080000,9,100,34,50,8,14,14,13,60,寿命,1,0,91
sim_174,近未来,頭脳,男,90,8700000,0,100,34,0,94,10,15,15,6,病死,1,0,90
sim_175,昭和,運,男,91,2530000,0,100,34,50,10,7,7,9,65,病死,1,0,91
sim_176,令和,頭脳,女,89,4400000,6,100,34,0,86,9,12,12,13,寿命,1,0,89
sim_177,令和,運,男,95,5300000,0,100,34,50,9,11,7,13,58,病死,1,0,95
sim_178,昭和,頭脳,男,81,1730000,37,100,33,0,80,13,13,11,15,寿命,1,0,81
sim_179,昭和,肉体,男,88,2290000,43,100,34,0,15,83,7,10,14,寿命,1,0,88
sim_180,昭和,肉体,男,90,2450000,41,100,34,0,6,90,12,7,12,寿命,1,0,90
sim_181,令和,肉体,女,104,6650000,5,100,35,0,5,92,14,15,15,寿命,1,0,104
sim_182,昭和,センス,女,85,2050000,34,100,34,0,7,15,14,87,5,寿命,1,0,85
sim_183,昭和,センス,女,82,1810000,26,100,33,0,7,8,8,88,6,寿命,1,0,82
sim_184,令和,頭脳,男,94,5150000,10,100,34,0,86,13,10,10,5,寿命,1,0,94
sim_185,近未来,運,男,94,9620000,0,100,34,50,11,7,14,14,62,病死,1,0,94
sim_186,近未来,コミュ,男,94,9620000,0,100,34,0,6,9,91,8,11,病死,1,0,94
sim_187,平成,運,女,95,4600000,0,100,34,50,11,7,11,10,64,病死,1,0,95
sim_188,近未来,センス,女,95,9850000,0,100,34,0,5,14,8,90,8,病死,1,0,95
sim_189,令和,肉体,男,99,5900000,18,100,35,0,9,84,10,14,13,寿命,1,0,99
sim_190,平成,肉体,女,89,3820000,42,100,34,0,10,88,11,10,11,寿命,1,0,89
sim_191,近未来,肉体,男,93,9390000,30,100,34,0,15,95,6,14,15,寿命,1,0,93
sim_192,平成,頭脳,男,84,3170000,23,100,33,0,81,12,9,13,8,寿命,1,0,84
sim_193,令和,運,女,90,4550000,0,100,34,50,13,10,14,11,59,病死,1,0,90
sim_194,昭和,コミュ,男,91,2530000,6,100,34,0,14,8,94,5,5,寿命,1,0,91
sim_195,近未来,肉体,女,101,11230000,0,100,35,0,8,99,5,10,10,病死,1,0,101
sim_196,昭和,センス,男,87,2210000,20,100,34,0,10,7,13,92,9,寿命,1,0,87
sim_197,近未来,頭脳,男,84,7320000,13,100,33,0,93,15,10,12,7,寿命,1,0,84
sim_198,平成,コミュ,女,89,3820000,11,100,34,0,11,5,96,12,7,寿命,1,0,89
sim_199,昭和,運,男,90,2450000,5,100,34,50,12,15,10,13,63,寿命,1,0,90
sim_200,平成,運,女,90,3950000,1,100,34,50,8,14,11,13,64,寿命,1,0,90
sim_201,昭和,肉体,女,60,50000,89,100,31,0,7,62,5,10,13,老衰,0,0,60
sim_202,平成,頭脳,男,82,2910000,34,100,33,0,73,7,9,10,12,寿命,1,0,82
sim_203,平成,肉体,女,70,1350000,75,100,32,0,15,71,12,7,12,老衰,0,0,70
sim_204,昭和,頭脳,男,87,2210000,18,100,34,0,86,15,7,12,12,寿命,1,0,87
sim_205,平成,センス,女,89,3820000,1,100,34,0,10,5,5,95,8,寿命,1,0,89
sim_206,近未来,肉体,女,105,12150000,0,100,35,0,6,100,8,14,9,病死,1,0,105
sim_207,平成,肉体,男,95,4600000,18,100,34,0,7,100,12,10,14,寿命,1,0,95
sim_208,近未来,頭脳,女,96,10080000,0,100,34,0,89,10,14,5,8,病死,1,0,96
sim_209,昭和,運,女,87,2210000,11,100,34,50,14,7,13,9,66,寿命,1,0,87
sim_210,令和,肉体,女,106,6950000,0,100,35,0,15,97,11,5,12,病死,1,0,106
sim_211,近未来,センス,女,89,8470000,0,100,34,0,14,12,12,89,12,病死,1,0,89
sim_212,令和,頭脳,男,93,5000000,5,100,34,0,95,9,15,9,12,寿命,1,0,93
sim_213,近未来,肉体,女,97,10310000,16,100,35,0,10,90,14,9,5,寿命,1,0,97
sim_214,近未来,センス,男,88,8240000,0,100,34,0,13,7,10,88,15,病死,1,0,88
sim_215,近未来,肉体,男,96,10080000,15,100,34,0,7,99,11,10,10,寿命,1,0,96
sim_216,近未来,コミュ,女,95,9850000,0,100,34,0,8,15,94,13,8,病死,1,0,95
sim_217,令和,運,女,41,50000,100,100,30,29,11,6,12,12,38,老衰,0,0,41
sim_218,令和,肉体,女,91,4700000,26,100,34,0,12,88,11,7,6,寿命,1,0,91
sim_219,昭和,コミュ,男,72,1010000,47,100,32,0,15,9,73,14,8,老衰,0,0,72
sim_220,近未来,頭脳,男,94,9620000,0,100,34,0,91,13,10,6,14,病死,1,0,94
sim_221,平成,運,女,90,3950000,7,100,34,50,15,11,12,8,54,寿命,1,0,90
sim_222,昭和,コミュ,男,84,1970000,34,100,33,0,11,8,85,11,7,寿命,1,0,84
sim_223,近未来,コミュ,男,92,9160000,0,100,34,0,12,8,95,14,8,病死,1,0,92
sim_224,平成,コミュ,女,91,4080000,0,100,34,0,12,5,88,7,10,病死,1,0,91
sim_225,令和,コミュ,女,89,4400000,0,100,34,0,11,7,92,11,8,病死,1,0,89
sim_226,昭和,頭脳,女,68,690000,65,100,32,0,75,13,13,15,6,老衰,0,0,68
sim_227,近未来,頭脳,女,91,8930000,0,100,34,0,97,14,7,14,6,病死,1,0,91
sim_228,令和,コミュ,女,89,4400000,0,100,34,0,15,7,98,8,6,病死,1,0,89
sim_229,昭和,センス,男,86,2130000,28,100,34,0,9,13,12,92,10,寿命,1,0,86
sim_230,近未来,運,女,90,8700000,18,100,34,50,12,11,13,9,59,寿命,1,0,90
sim_231,平成,コミュ,女,90,3950000,5,100,34,0,6,11,96,12,5,寿命,1,0,90
sim_232,令和,センス,女,72,1850000,56,100,32,0,12,7,8,69,11,老衰,0,0,72
sim_233,昭和,コミュ,男,86,2130000,16,100,34,0,9,13,91,9,7,寿命,1,0,86
sim_234,令和,肉体,女,92,4850000,37,100,34,0,10,87,8,5,9,寿命,1,0,92
sim_235,令和,コミュ,女,94,5150000,0,100,34,0,15,13,99,10,15,病死,1,0,94
sim_236,令和,センス,女,93,5000000,0,100,34,0,12,9,11,97,9,病死,1,0,93
sim_237,昭和,頭脳,男,91,2530000,0,100,34,0,83,5,10,13,14,病死,1,0,91
sim_238,令和,コミュ,女,90,4550000,15,100,34,0,10,5,91,10,9,寿命,1,0,90
sim_239,平成,肉体,女,75,2000000,67,100,33,0,5,74,14,7,9,老衰,0,0,75
sim_240,近未来,頭脳,女,92,9160000,0,100,34,0,93,11,6,5,13,病死,1,0,92
sim_241,令和,肉体,男,106,6950000,1,100,35,0,14,98,10,6,11,寿命,1,0,106
sim_242,近未来,センス,男,92,9160000,0,100,34,0,10,5,11,89,8,病死,1,0,92
sim_243,令和,頭脳,男,92,4850000,0,100,34,0,93,6,12,14,9,病死,1,0,92
sim_244,昭和,運,女,92,2610000,0,100,34,50,10,9,14,13,56,病死,1,0,92
sim_245,令和,センス,女,85,3800000,31,100,34,0,9,13,15,96,10,寿命,1,0,85
sim_246,平成,運,男,90,3950000,0,100,34,50,11,5,14,14,57,病死,1,0,90
sim_247,平成,運,男,98,4990000,3,100,35,50,7,5,8,15,60,寿命,1,0,98
sim_248,平成,コミュ,女,94,4470000,6,100,34,0,5,15,86,12,7,寿命,1,0,94
sim_249,令和,センス,男,95,5300000,0,100,34,0,8,8,5,89,14,病死,1,0,95
sim_250,平成,センス,男,89,3820000,6,100,34,0,6,7,12,92,14,寿命,1,0,89
sim_251,近未来,頭脳,女,96,10080000,0,100,34,0,94,10,11,8,7,病死,1,0,96
sim_252,昭和,運,女,88,2290000,1,100,34,50,9,8,10,10,60,寿命,1,0,88
sim_253,令和,頭脳,女,95,5300000,0,100,34,0,98,15,11,11,8,病死,1,0,95
sim_254,近未来,肉体,男,101,11230000,16,100,35,0,6,94,14,5,5,寿命,1,0,101
sim_255,令和,コミュ,男,89,4400000,0,100,34,0,11,5,96,13,7,病死,1,0,89
sim_256,近未来,センス,男,93,9390000,0,100,34,0,7,15,9,92,10,病死,1,0,93
sim_257,昭和,コミュ,男,87,2210000,8,100,34,0,15,11,89,5,6,寿命,1,0,87
sim_258,昭和,コミュ,男,82,1810000,23,100,33,0,9,11,85,11,13,寿命,1,0,82
sim_259,令和,頭脳,男,86,3950000,24,100,34,0,91,8,12,7,6,寿命,1,0,86
sim_260,昭和,コミュ,男,89,2370000,20,100,34,0,13,13,84,12,5,寿命,1,0,89
sim_261,令和,頭脳,男,91,4700000,0,100,34,0,93,8,6,10,15,病死,1,0,91
sim_262,平成,センス,男,94,4470000,0,100,34,0,12,10,14,89,13,病死,1,0,94
sim_263,令和,運,女,80,3050000,39,100,33,50,11,5,7,5,57,老衰,1,0,80
sim_264,令和,運,男,92,4850000,0,100,34,50,9,7,10,7,65,病死,1,0,92
sim_265,平成,センス,女,89,3820000,0,100,34,0,8,7,7,88,8,病死,1,0,89
sim_266,昭和,頭脳,女,79,1570000,53,100,33,0,85,7,6,5,5,寿命,0,0,79
sim_267,昭和,コミュ,男,83,1890000,31,100,33,0,11,9,84,13,5,寿命,1,0,83
sim_268,令和,頭脳,男,87,4100000,7,100,34,0,100,11,14,8,7,寿命,1,0,87
sim_269,昭和,肉体,女,91,2530000,36,100,34,0,8,82,5,8,5,寿命,1,0,91
sim_270,昭和,肉体,女,96,2930000,23,100,34,0,15,89,11,15,8,寿命,1,0,96
sim_271,昭和,運,女,87,2210000,17,100,34,50,5,11,15,9,59,寿命,1,0,87
sim_272,平成,肉体,男,85,3300000,46,100,34,0,8,85,13,11,6,寿命,1,0,85
sim_273,近未来,センス,女,92,9160000,0,100,34,0,12,11,6,94,6,病死,1,0,92
sim_274,近未来,コミュ,男,62,2260000,83,100,32,0,11,12,66,6,7,老衰,0,0,62
sim_275,昭和,センス,男,71,930000,57,100,32,0,13,5,11,68,11,老衰,0,0,71
sim_276,昭和,肉体,男,86,2130000,41,100,34,0,7,90,5,15,9,寿命,1,0,86
sim_277,平成,肉体,男,98,4990000,11,100,35,0,9,92,15,15,13,寿命,1,0,98
sim_278,平成,肉体,女,97,4860000,14,100,35,0,10,97,12,14,14,寿命,1,0,97
sim_279,令和,センス,女,90,4550000,0,100,34,0,12,15,10,97,11,病死,1,0,90
sim_280,令和,センス,女,91,4700000,0,100,34,0,9,9,9,92,12,病死,1,0,91
sim_281,昭和,肉体,男,86,2130000,49,100,34,0,11,84,7,12,9,寿命,1,0,86
sim_282,近未来,コミュ,女,94,9620000,0,100,34,0,15,14,91,6,11,病死,1,0,94
sim_283,近未来,頭脳,女,92,9160000,0,100,34,0,89,5,15,15,8,病死,1,0,92
sim_284,昭和,肉体,男,81,1730000,53,100,33,0,5,88,13,14,15,寿命,1,0,81
sim_285,近未来,運,女,95,9850000,0,100,34,50,11,9,13,8,62,病死,1,0,95
sim_286,昭和,運,女,92,2610000,3,100,34,50,9,15,15,10,59,寿命,1,0,92
sim_287,平成,コミュ,男,89,3820000,18,100,34,0,15,15,93,14,8,寿命,1,0,89
sim_288,昭和,センス,女,81,1730000,26,100,33,0,7,8,14,86,12,寿命,1,0,81
sim_289,近未来,コミュ,男,93,9390000,0,100,34,0,10,7,93,8,7,病死,1,0,93
sim_290,近未来,運,男,67,3410000,68,100,32,50,5,6,14,5,54,老衰,0,0,67
sim_291,近未来,運,男,95,9850000,0,100,34,50,10,10,15,15,57,病死,1,0,95
sim_292,令和,運,男,94,5150000,0,100,34,50,12,9,9,7,55,病死,1,0,94
sim_293,近未来,センス,男,37,650000,100,100,30,0,8,5,12,47,14,老衰,0,0,37
sim_294,令和,コミュ,女,95,5300000,6,100,34,0,7,15,90,10,6,寿命,1,0,95
sim_295,令和,コミュ,男,93,5000000,0,100,34,0,14,6,100,12,9,病死,1,0,93
sim_296,近未来,コミュ,女,91,8930000,0,100,34,0,6,14,91,6,8,病死,1,0,91
sim_297,平成,肉体,女,97,4860000,12,100,35,0,10,93,10,14,8,寿命,1,0,97
sim_298,平成,センス,女,87,3560000,14,100,34,0,8,15,11,92,13,寿命,1,0,87
sim_299,令和,肉体,女,94,5150000,23,100,34,0,14,89,15,15,8,寿命,1,0,94
sim_300,昭和,運,男,90,2450000,0,100,34,50,9,15,13,14,64,病死,1,0,90
sim_301,近未来,コミュ,女,71,4330000,56,100,32,0,15,6,82,15,9,老衰,0,0,71
sim_302,昭和,コミュ,女,94,2770000,0,100,34,0,5,8,92,8,12,病死,1,0,94
sim_303,平成,肉体,男,89,3820000,40,100,34,0,10,84,15,8,14,寿命,1,0,89
sim_304,昭和,肉体,女,93,2690000,30,100,34,0,11,90,12,12,14,寿命,1,0,93
sim_305,昭和,センス,女,85,2050000,10,100,34,0,12,7,15,90,11,寿命,1,0,85
sim_306,平成,コミュ,女,87,3560000,11,100,34,0,11,13,91,6,5,寿命,1,0,87
sim_307,平成,コミュ,男,85,3300000,23,100,34,0,11,9,90,9,6,寿命,1,0,85
sim_308,令和,コミュ,女,90,4550000,0,100,34,0,6,14,99,13,15,病死,1,0,90
sim_309,令和,センス,女,92,4850000,0,100,34,0,8,7,6,96,13,病死,1,0,92
sim_310,令和,頭脳,男,89,4400000,0,100,34,0,88,13,7,8,6,病死,1,0,89
sim_311,令和,肉体,女,96,5450000,21,100,34,0,7,85,15,14,14,寿命,1,0,96
sim_312,平成,運,男,92,4210000,6,100,34,50,8,9,8,6,59,寿命,1,0,92
sim_313,近未来,コミュ,男,94,9620000,15,100,34,0,10,11,82,11,11,寿命,1,0,94
sim_314,近未来,頭脳,男,47,1150000,100,100,30,0,53,8,13,10,13,老衰,0,0,47
sim_315,平成,コミュ,男,87,3560000,20,100,34,0,11,15,78,10,15,寿命,1,0,87
sim_316,平成,頭脳,男,79,2520000,38,100,33,0,85,7,13,9,6,寿命,0,0,79
sim_317,平成,肉体,女,82,2910000,51,100,33,0,7,82,7,7,8,寿命,1,0,82
sim_318,令和,コミュ,女,93,5000000,0,100,34,0,14,9,96,12,8,病死,1,0,93
sim_319,近未来,頭脳,男,75,5250000,47,100,33,0,78,13,14,6,5,老衰,0,0,75
sim_320,平成,肉体,男,103,5640000,0,100,35,0,9,90,14,13,11,病死,1,0,103
sim_321,昭和,センス,男,90,2450000,12,100,34,0,6,13,14,94,15,寿命,1,0,90
sim_322,令和,コミュ,男,88,4250000,16,100,34,0,11,5,94,14,8,寿命,1,0,88
sim_323,令和,センス,男,5,50000,100,67,29,0,6,7,10,27,6,老衰,0,0,5
sim_324,昭和,運,女,92,2610000,7,100,34,50,9,14,8,9,66,寿命,1,0,92
sim_325,令和,センス,女,88,4250000,10,100,34,0,12,5,10,83,9,寿命,1,0,88
sim_326,平成,コミュ,女,90,3950000,8,100,34,0,7,15,98,11,9,寿命,1,0,90
sim_327,平成,頭脳,男,90,3950000,8,100,34,0,89,13,14,9,7,寿命,1,0,90
sim_328,近未来,頭脳,女,92,9160000,0,100,34,0,88,5,13,11,5,病死,1,0,92
sim_329,平成,コミュ,男,91,4080000,16,100,34,0,9,8,81,8,14,寿命,1,0,91
sim_330,昭和,コミュ,男,90,2450000,0,100,34,0,12,8,90,15,13,病死,1,0,90
sim_331,近未来,センス,男,91,8930000,0,100,34,0,7,10,15,92,5,病死,1,0,91
sim_332,平成,コミュ,男,95,4600000,0,100,34,0,13,10,86,11,15,病死,1,0,95
sim_333,昭和,センス,男,72,1010000,59,100,32,0,14,12,5,75,11,老衰,0,0,72
sim_334,近未来,頭脳,女,91,8930000,0,100,34,0,83,11,11,8,10,病死,1,0,91
sim_335,昭和,肉体,女,89,2370000,34,100,34,0,9,89,14,15,8,寿命,1,0,89
sim_336,昭和,コミュ,女,69,770000,72,100,32,0,14,14,71,10,12,老衰,0,0,69
sim_337,平成,肉体,男,95,4600000,26,100,34,0,11,92,11,12,10,寿命,1,0,95
sim_338,令和,運,女,76,2450000,46,100,33,50,13,13,7,10,51,老衰,0,0,76
sim_339,昭和,肉体,男,86,2130000,47,100,34,0,14,86,9,6,11,寿命,1,0,86
sim_340,近未来,肉体,男,105,12150000,0,100,35,0,15,100,5,11,12,病死,1,0,105
sim_341,近未来,頭脳,男,93,9390000,0,100,34,0,97,15,5,6,14,病死,1,0,93
sim_342,令和,コミュ,男,91,4700000,0,100,34,0,13,8,90,14,10,病死,1,0,91
sim_343,令和,センス,男,88,4250000,5,100,34,0,10,11,7,94,7,寿命,1,0,88
sim_344,近未来,コミュ,男,95,9850000,0,100,34,0,5,11,89,9,8,病死,1,0,95
sim_345,令和,肉体,女,99,5900000,8,100,35,0,7,92,9,14,12,寿命,1,0,99
sim_346,昭和,センス,女,86,2130000,15,100,34,0,7,12,6,91,7,寿命,1,0,86
sim_347,平成,肉体,女,100,5250000,9,100,35,0,11,95,13,13,9,寿命,1,0,100
sim_348,令和,肉体,女,103,6500000,6,100,35,0,8,100,7,13,14,寿命,1,0,103
sim_349,平成,頭脳,男,92,4210000,13,100,34,0,88,8,13,5,5,寿命,1,0,92
sim_350,令和,コミュ,男,96,5450000,0,100,34,0,10,15,94,13,8,病死,1,0,96
sim_351,昭和,肉体,男,93,2690000,26,100,34,0,15,91,6,11,12,寿命,1,0,93
sim_352,昭和,運,男,92,2610000,0,100,34,50,11,10,6,12,62,病死,1,0,92
sim_353,令和,センス,男,88,4250000,13,100,34,0,13,14,6,95,5,寿命,1,0,88
sim_354,近未来,センス,女,91,8930000,0,100,34,0,15,5,11,96,7,病死,1,0,91
sim_355,平成,頭脳,男,89,3820000,12,100,34,0,81,10,12,6,10,寿命,1,0,89
sim_356,令和,頭脳,女,88,4250000,25,100,34,0,77,12,5,12,5,寿命,1,0,88
sim_357,平成,肉体,男,69,1220000,77,100,32,0,12,66,7,11,11,老衰,0,0,69
sim_358,令和,センス,女,90,4550000,0,100,34,0,13,10,13,91,15,病死,1,0,90
sim_359,平成,コミュ,男,94,4470000,0,100,34,0,14,10,93,7,14,病死,1,0,94
sim_360,近未来,肉体,女,97,10310000,14,100,35,0,7,95,15,10,15,寿命,1,0,97
sim_361,平成,センス,男,92,4210000,0,100,34,0,14,5,7,91,12,病死,1,0,92
sim_362,令和,コミュ,男,91,4700000,0,100,34,0,5,6,87,11,13,病死,1,0,91
sim_363,近未来,コミュ,男,88,8240000,0,100,34,0,5,7,96,12,10,病死,1,0,88
sim_364,平成,コミュ,男,93,4340000,11,100,34,0,13,8,91,6,14,寿命,1,0,93
sim_365,令和,肉体,男,87,4100000,42,100,34,0,7,87,15,6,5,寿命,1,0,87
sim_366,昭和,センス,女,86,2130000,22,100,34,0,9,5,12,87,6,寿命,1,0,86
sim_367,近未来,運,男,89,8470000,0,100,34,50,7,9,9,15,61,病死,1,0,89
sim_368,近未来,運,女,91,8930000,0,100,34,50,9,9,13,11,63,病死,1,0,91
sim_369,近未来,肉体,女,101,11230000,0,100,35,0,7,100,14,12,10,病死,1,0,101
sim_370,近未来,肉体,男,91,8930000,32,100,34,0,7,87,15,12,10,寿命,1,0,91
sim_371,令和,コミュ,女,89,4400000,3,100,34,0,5,7,90,11,11,寿命,1,0,89
sim_372,昭和,肉体,男,95,2850000,22,100,34,0,9,91,9,10,9,寿命,1,0,95
sim_373,平成,センス,男,89,3820000,8,100,34,0,7,7,6,89,9,寿命,1,0,89
sim_374,近未来,肉体,女,102,11460000,1,100,35,0,6,97,12,14,14,寿命,1,0,102
sim_375,平成,コミュ,女,96,4730000,0,100,34,0,9,11,95,15,9,病死,1,0,96
sim_376,近未来,センス,男,89,8470000,6,100,34,0,14,5,9,85,9,寿命,1,0,89
sim_377,昭和,頭脳,男,83,1890000,35,100,33,0,83,7,13,5,12,寿命,1,0,83
sim_378,近未来,頭脳,女,94,9620000,0,100,34,0,88,10,15,5,14,病死,1,0,94
sim_379,近未来,肉体,女,103,11690000,0,100,35,0,11,100,8,12,15,病死,1,0,103
sim_380,令和,コミュ,男,89,4400000,18,100,34,0,14,12,90,6,6,寿命,1,0,89
sim_381,平成,センス,女,90,3950000,0,100,34,0,12,8,6,94,7,病死,1,0,90
sim_382,近未来,センス,男,99,10770000,0,100,35,0,11,11,8,93,10,病死,1,0,99
sim_383,平成,コミュ,男,86,3430000,40,100,34,0,15,5,87,8,6,寿命,1,0,86
sim_384,令和,コミュ,女,92,4850000,0,100,34,0,15,14,90,10,11,病死,1,0,92
sim_385,近未来,コミュ,男,95,9850000,0,100,34,0,8,13,97,7,13,病死,1,0,95
sim_386,昭和,運,男,89,2370000,8,100,34,50,6,5,8,8,58,寿命,1,0,89
sim_387,昭和,頭脳,男,87,2210000,23,100,34,0,84,15,11,11,10,寿命,1,0,87
sim_388,昭和,コミュ,男,84,1970000,26,100,33,0,13,15,93,10,14,寿命,1,0,84
sim_389,昭和,センス,男,78,1490000,29,100,33,0,5,10,12,90,9,寿命,0,0,78
sim_390,近未来,肉体,男,100,11000000,15,100,35,0,8,87,7,10,11,寿命,1,0,100
sim_391,平成,肉体,男,90,3950000,41,100,34,0,8,81,10,7,9,寿命,1,0,90
sim_392,平成,頭脳,男,98,4990000,0,100,35,0,88,14,15,11,14,病死,1,0,98
sim_393,昭和,頭脳,女,87,2210000,11,100,34,0,87,9,11,12,11,寿命,1,0,87
sim_394,近未来,コミュ,男,88,8240000,19,100,34,0,7,13,92,14,14,寿命,1,0,88
sim_395,近未来,センス,男,86,7780000,36,100,34,0,8,9,15,76,12,老衰,1,0,86
sim_396,昭和,肉体,男,92,2610000,27,100,34,0,5,97,14,12,15,寿命,1,0,92
sim_397,平成,センス,女,86,3430000,21,100,34,0,9,12,6,92,9,寿命,1,0,86
sim_398,令和,コミュ,男,89,4400000,0,100,34,0,13,14,84,11,13,病死,1,0,89
sim_399,平成,コミュ,男,92,4210000,4,100,34,0,8,7,83,15,12,寿命,1,0,92
sim_400,昭和,肉体,女,93,2690000,28,100,34,0,12,86,11,8,14,寿命,1,0,93
sim_401,近未来,頭脳,女,91,8930000,0,100,34,0,88,15,13,14,5,病死,1,0,91
sim_402,近未来,肉体,男,93,9390000,32,100,34,0,11,97,15,8,11,寿命,1,0,93
sim_403,平成,運,女,24,50000,100,100,28,14,10,11,15,5,31,老衰,0,0,24
sim_404,平成,センス,男,93,4340000,2,100,34,0,11,11,10,86,7,寿命,1,0,93
sim_405,昭和,肉体,女,90,2450000,33,100,34,0,5,97,14,6,15,寿命,1,0,90
sim_406,昭和,コミュ,男,80,1650000,33,100,33,0,8,15,83,8,10,寿命,1,0,80
sim_407,平成,運,女,95,4600000,0,100,34,50,10,12,10,15,59,病死,1,0,95
sim_408,近未来,コミュ,女,94,9620000,0,100,34,0,6,15,95,15,12,病死,1,0,94
sim_409,令和,頭脳,男,89,4400000,9,100,34,0,94,8,9,6,7,寿命,1,0,89
sim_410,昭和,運,男,90,2450000,2,100,34,50,10,11,14,6,59,寿命,1,0,90
sim_411,令和,コミュ,男,89,4400000,0,100,34,0,7,8,98,7,10,病死,1,0,89
sim_412,近未来,センス,女,93,9390000,0,100,34,0,6,13,9,96,12,病死,1,0,93
sim_413,昭和,頭脳,男,87,2210000,17,100,34,0,87,11,7,8,10,寿命,1,0,87
sim_414,近未来,コミュ,男,90,8700000,0,100,34,0,6,10,94,8,14,病死,1,0,90
sim_415,近未来,肉体,男,78,5940000,59,100,33,0,11,82,5,5,9,老衰,0,0,78
sim_416,近未来,コミュ,女,89,8470000,0,100,34,0,11,5,95,7,8,病死,1,0,89
sim_417,近未来,運,女,91,8930000,0,100,34,50,12,6,7,15,56,病死,1,0,91
sim_418,平成,肉体,女,87,3560000,42,100,34,0,15,85,8,10,6,寿命,1,0,87
sim_419,平成,運,女,92,4210000,0,100,34,50,11,11,9,8,61,病死,1,0,92
sim_420,近未来,センス,男,94,9620000,0,100,34,0,15,7,5,96,7,病死,1,0,94
sim_421,近未来,コミュ,女,92,9160000,0,100,34,0,6,6,97,13,5,病死,1,0,92
sim_422,令和,頭脳,男,91,4700000,0,100,34,0,90,6,7,9,5,病死,1,0,91
sim_423,近未来,頭脳,男,91,8930000,0,100,34,0,93,10,8,8,12,病死,1,0,91
sim_424,平成,運,女,74,1870000,45,100,33,50,7,9,8,12,52,老衰,0,0,74
sim_425,昭和,頭脳,女,80,1650000,37,100,33,0,83,7,14,5,6,寿命,1,0,80
sim_426,近未来,頭脳,女,91,8930000,0,100,34,0,90,6,7,13,12,病死,1,0,91
sim_427,平成,コミュ,男,90,3950000,8,100,34,0,6,11,92,6,6,寿命,1,0,90
sim_428,近未来,センス,女,91,8930000,0,100,34,0,10,15,15,91,13,病死,1,0,91
sim_429,平成,コミュ,男,76,2130000,41,100,33,0,6,8,81,11,9,老衰,0,0,76
sim_430,令和,頭脳,男,81,3200000,37,100,33,0,79,7,12,14,8,老衰,1,0,81
sim_431,平成,センス,女,91,4080000,1,100,34,0,7,8,9,97,5,寿命,1,0,91
sim_432,令和,肉体,女,95,5300000,18,100,34,0,12,96,15,14,8,寿命,1,0,95
sim_433,近未来,運,男,89,8470000,13,100,34,50,14,15,13,13,62,寿命,1,0,89
sim_434,近未来,センス,男,98,10540000,0,100,35,0,9,10,11,88,15,病死,1,0,98
sim_435,令和,肉体,男,81,3200000,53,100,33,0,12,84,14,10,9,老衰,1,0,81
sim_436,近未来,頭脳,女,49,1250000,100,100,31,0,47,15,9,6,8,老衰,0,0,49
sim_437,令和,肉体,男,90,4550000,33,100,34,0,15,94,5,10,12,寿命,1,0,90
sim_438,令和,肉体,男,94,5150000,23,100,34,0,5,100,8,13,14,寿命,1,0,94
sim_439,令和,センス,男,90,4550000,14,100,34,0,5,11,12,88,12,寿命,1,0,90
sim_440,令和,頭脳,男,90,4550000,13,100,34,0,88,12,15,11,8,寿命,1,0,90
sim_441,近未来,運,女,92,9160000,0,100,34,50,10,12,6,11,53,病死,1,0,92
sim_442,令和,運,男,90,4550000,0,100,34,50,6,15,8,8,57,病死,1,0,90
sim_443,令和,頭脳,男,92,4850000,0,100,34,0,89,10,15,15,6,病死,1,0,92
sim_444,昭和,頭脳,男,93,2690000,5,100,34,0,89,6,14,6,11,寿命,1,0,93
sim_445,近未来,コミュ,男,93,9390000,0,100,34,0,5,6,99,10,5,病死,1,0,93
sim_446,昭和,センス,女,85,2050000,22,100,34,0,9,12,12,78,12,寿命,1,0,85
sim_447,令和,運,男,94,5150000,3,100,34,50,9,12,8,7,54,寿命,1,0,94
sim_448,平成,コミュ,男,87,3560000,19,100,34,0,13,7,86,8,11,寿命,1,0,87
sim_449,平成,頭脳,男,92,4210000,0,100,34,0,92,7,13,10,5,病死,1,0,92
sim_450,令和,センス,男,92,4850000,0,100,34,0,8,10,10,89,12,病死,1,0,92
sim_451,平成,肉体,男,89,3820000,36,100,34,0,6,88,6,12,5,寿命,1,0,89
sim_452,令和,センス,女,96,5450000,3,100,34,0,10,6,11,92,5,寿命,1,0,96
sim_453,昭和,肉体,男,90,2450000,37,100,34,0,13,93,14,11,15,寿命,1,0,90
sim_454,令和,運,男,92,4850000,1,100,34,50,13,8,14,6,56,寿命,1,0,92
sim_455,昭和,肉体,女,91,2530000,36,100,34,0,11,85,13,8,15,寿命,1,0,91
sim_456,近未来,運,女,93,9390000,0,100,34,50,6,9,11,5,63,病死,1,0,93
sim_457,昭和,肉体,男,87,2210000,42,100,34,0,9,84,5,14,12,寿命,1,0,87
sim_458,近未来,コミュ,女,92,9160000,0,100,34,0,8,10,100,11,5,病死,1,0,92
sim_459,平成,センス,男,90,3950000,11,100,34,0,7,8,9,89,10,寿命,1,0,90
sim_460,近未来,肉体,男,103,11690000,4,100,35,0,9,100,9,14,9,寿命,1,0,103
sim_461,平成,運,女,92,4210000,0,100,34,50,13,13,5,14,59,病死,1,0,92
sim_462,昭和,コミュ,女,78,1490000,44,100,33,0,11,13,85,5,6,寿命,0,0,78
sim_463,昭和,頭脳,女,78,1490000,41,100,33,0,80,9,9,12,9,寿命,0,0,78
sim_464,昭和,コミュ,男,88,2290000,10,100,34,0,10,13,89,13,10,寿命,1,0,88
sim_465,令和,肉体,女,104,6650000,0,100,35,0,13,100,14,6,7,病死,1,0,104
sim_466,令和,コミュ,女,91,4700000,0,100,34,0,8,12,96,8,13,病死,1,0,91
sim_467,昭和,頭脳,女,74,1170000,51,100,33,0,75,15,9,11,8,老衰,0,0,74
sim_468,平成,頭脳,男,91,4080000,6,100,34,0,88,5,8,11,11,寿命,1,0,91
sim_469,昭和,頭脳,女,83,1890000,36,100,33,0,78,5,12,7,12,寿命,1,0,83
sim_470,令和,運,女,91,4700000,0,100,34,50,8,14,5,12,61,病死,1,0,91
sim_471,平成,コミュ,女,88,3690000,0,100,34,0,6,7,99,8,14,病死,1,0,88
sim_472,昭和,肉体,女,92,2610000,31,100,34,0,11,84,6,10,6,寿命,1,0,92
sim_473,昭和,運,男,91,2530000,0,100,34,50,10,6,6,12,57,病死,1,0,91
sim_474,昭和,コミュ,女,86,2130000,15,100,34,0,6,14,90,8,14,寿命,1,0,86
sim_475,令和,運,女,94,5150000,0,100,34,50,10,11,10,14,68,病死,1,0,94
sim_476,平成,センス,女,91,4080000,10,100,34,0,7,13,7,89,13,寿命,1,0,91
sim_477,近未来,運,女,93,9390000,0,100,34,50,12,12,10,15,62,病死,1,0,93
sim_478,近未来,頭脳,女,92,9160000,0,100,34,0,97,7,11,15,12,病死,1,0,92
sim_479,近未来,頭脳,男,93,9390000,0,100,34,0,91,12,14,10,15,病死,1,0,93
sim_480,平成,肉体,女,82,2910000,53,100,33,0,13,84,15,7,11,寿命,1,0,82
sim_481,近未来,コミュ,女,92,9160000,0,100,34,0,14,6,96,9,6,病死,1,0,92
sim_482,近未来,肉体,男,8,50000,100,76,29,0,7,30,11,14,5,老衰,0,0,8
sim_483,平成,コミュ,女,90,3950000,5,100,34,0,5,9,92,13,14,寿命,1,0,90
sim_484,近未来,運,男,84,7320000,14,100,33,50,11,10,12,14,63,老衰,1,0,84
sim_485,平成,運,男,91,4080000,0,100,34,50,10,9,14,5,65,病死,1,0,91
sim_486,令和,センス,女,89,4400000,18,100,34,0,11,5,12,91,6,寿命,1,0,89
sim_487,令和,肉体,男,101,6200000,0,100,35,0,11,93,11,7,15,病死,1,0,101
sim_488,平成,センス,女,87,3560000,17,100,34,0,6,10,5,86,11,寿命,1,0,87
sim_489,近未来,コミュ,男,91,8930000,0,100,34,0,8,6,97,12,5,病死,1,0,91
sim_490,平成,運,男,90,3950000,0,100,34,50,5,13,10,13,64,病死,1,0,90
sim_491,令和,肉体,女,94,5150000,27,100,34,0,5,98,13,12,14,寿命,1,0,94
sim_492,令和,運,男,92,4850000,0,100,34,50,5,9,9,5,63,病死,1,0,92
sim_493,令和,肉体,男,101,6200000,8,100,35,0,6,96,8,15,9,寿命,1,0,101
sim_494,昭和,肉体,男,98,3090000,11,100,35,0,7,100,10,10,5,寿命,1,0,98
sim_495,近未来,コミュ,女,93,9390000,0,100,34,0,12,10,93,10,13,病死,1,0,93
sim_496,平成,センス,女,93,4340000,8,100,34,0,8,14,11,90,7,寿命,1,0,93
sim_497,近未来,コミュ,男,92,9160000,0,100,34,0,15,11,86,13,8,病死,1,0,92
sim_498,平成,肉体,女,89,3820000,46,100,34,0,12,76,12,7,6,寿命,1,0,89
sim_499,平成,センス,男,92,4210000,0,100,34,0,12,12,14,94,9,病死,1,0,92
sim_500,昭和,頭脳,男,82,1810000,35,100,33,0,86,8,9,11,9,寿命,1,0,82
sim_501,令和,コミュ,男,50,50000,100,100,31,0,10,15,68,6,9,老衰,0,0,50
sim_502,近未来,コミュ,男,87,8010000,8,100,34,0,11,14,91,7,6,寿命,1,0,87
sim_503,近未来,頭脳,女,92,9160000,0,100,34,0,100,9,7,14,7,病死,1,0,92
sim_504,平成,頭脳,男,80,2650000,35,100,33,0,80,11,10,7,11,寿命,1,0,80
sim_505,平成,頭脳,男,90,3950000,14,100,34,0,90,10,6,9,6,寿命,1,0,90
sim_506,令和,肉体,男,99,5900000,12,100,35,0,7,92,9,9,11,寿命,1,0,99
sim_507,昭和,肉体,男,92,2610000,29,100,34,0,8,91,14,5,14,寿命,1,0,92
sim_508,近未来,運,男,92,9160000,0,100,34,50,11,6,8,11,66,病死,1,0,92
sim_509,令和,運,男,92,4850000,0,100,34,50,12,14,6,9,58,病死,1,0,92
sim_510,平成,頭脳,男,87,3560000,11,100,34,0,90,11,11,15,12,寿命,1,0,87
sim_511,平成,運,男,99,5120000,0,100,35,50,15,15,12,12,65,病死,1,0,99
sim_512,近未来,肉体,男,98,10540000,13,100,35,0,15,95,8,5,12,寿命,1,0,98
sim_513,昭和,運,女,92,2610000,0,100,34,50,5,6,6,11,58,病死,1,0,92
sim_514,令和,肉体,男,93,5000000,28,100,34,0,6,92,9,10,14,寿命,1,0,93
sim_515,昭和,運,男,92,2610000,0,100,34,50,15,8,15,10,63,病死,1,0,92
sim_516,令和,肉体,男,90,4550000,33,100,34,0,11,89,8,5,14,寿命,1,0,90
sim_517,令和,肉体,女,105,6800000,0,100,35,0,10,89,7,9,10,病死,1,0,105
sim_518,昭和,肉体,男,76,1330000,61,100,33,0,9,71,9,13,6,寿命,0,0,76
sim_519,平成,肉体,女,107,6160000,0,100,35,0,15,97,6,7,11,病死,1,0,107
sim_520,令和,頭脳,女,91,4700000,0,100,34,0,91,7,15,11,6,病死,1,0,91
sim_521,近未来,運,男,93,9390000,0,100,34,50,6,8,8,10,59,病死,1,0,93
sim_522,令和,コミュ,女,84,3650000,29,100,33,0,7,9,86,14,5,寿命,1,0,84
sim_523,令和,肉体,女,90,4550000,37,100,34,0,12,85,5,10,12,寿命,1,0,90
sim_524,昭和,コミュ,男,85,2050000,20,100,34,0,6,10,92,15,7,寿命,1,0,85
sim_525,令和,頭脳,男,94,5150000,0,100,34,0,96,7,5,15,5,病死,1,0,94
sim_526,昭和,頭脳,男,92,2610000,0,100,34,0,90,15,14,15,14,病死,1,0,92
sim_527,令和,運,女,89,4400000,0,100,34,50,11,10,11,7,58,病死,1,0,89
sim_528,令和,肉体,男,97,5600000,26,100,35,0,14,88,5,5,11,寿命,1,0,97
sim_529,近未来,運,男,91,8930000,0,100,34,50,7,11,6,5,61,病死,1,0,91
sim_530,令和,コミュ,女,94,5150000,0,100,34,0,9,10,88,11,12,病死,1,0,94
sim_531,平成,頭脳,女,90,3950000,20,100,34,0,88,6,10,15,9,寿命,1,0,90
sim_532,昭和,頭脳,男,91,2530000,0,100,34,0,88,5,8,9,13,病死,1,0,91
sim_533,近未来,肉体,女,103,11690000,0,100,35,0,11,100,8,7,7,病死,1,0,103
sim_534,令和,コミュ,男,92,4850000,0,100,34,0,11,12,92,14,12,病死,1,0,92
sim_535,令和,コミュ,男,76,2450000,48,100,33,0,9,14,70,7,6,老衰,0,0,76
sim_536,平成,肉体,女,88,3690000,41,100,34,0,9,82,12,6,6,寿命,1,0,88
sim_537,令和,運,男,92,4850000,0,100,34,50,6,11,10,13,53,病死,1,0,92
sim_538,近未来,頭脳,女,89,8470000,0,100,34,0,100,12,11,7,11,病死,1,0,89
sim_539,令和,頭脳,男,81,3200000,32,100,33,0,80,13,8,12,6,老衰,1,0,81
sim_540,昭和,運,女,88,2290000,10,100,34,50,15,5,14,6,55,寿命,1,0,88
sim_541,令和,コミュ,女,83,3500000,23,100,33,0,12,6,90,10,10,寿命,1,0,83
sim_542,平成,センス,男,94,4470000,0,100,34,0,8,13,5,93,15,病死,1,0,94
sim_543,平成,肉体,女,95,4600000,24,100,34,0,7,90,15,5,14,寿命,1,0,95
sim_544,平成,コミュ,男,89,3820000,0,100,34,0,9,12,100,9,12,病死,1,0,89
sim_545,近未来,センス,女,92,9160000,0,100,34,0,15,10,5,93,13,病死,1,0,92
sim_546,令和,コミュ,男,89,4400000,0,100,34,0,11,9,99,5,6,病死,1,0,89
sim_547,令和,コミュ,女,34,50000,100,100,29,0,11,12,53,9,12,老衰,0,0,34
sim_548,昭和,コミュ,女,94,2770000,0,100,34,0,7,7,100,7,14,病死,1,0,94
sim_549,近未来,運,女,94,9620000,0,100,34,50,7,13,13,13,55,病死,1,0,94
sim_550,近未来,頭脳,女,92,9160000,0,100,34,0,97,6,10,12,10,病死,1,0,92
sim_551,昭和,頭脳,女,89,2370000,6,100,34,0,87,13,15,7,14,寿命,1,0,89
sim_552,近未来,センス,女,90,8700000,0,100,34,0,8,13,15,96,9,病死,1,0,90
sim_553,令和,頭脳,男,89,4400000,0,100,34,0,90,10,8,7,11,病死,1,0,89
sim_554,平成,肉体,男,97,4860000,22,100,35,0,9,87,7,15,6,寿命,1,0,97
sim_555,平成,センス,男,91,4080000,2,100,34,0,6,11,8,91,6,寿命,1,0,91
sim_556,令和,コミュ,女,92,4850000,0,100,34,0,13,11,93,7,14,病死,1,0,92
sim_557,令和,頭脳,女,93,5000000,0,100,34,0,90,8,10,12,5,病死,1,0,93
sim_558,近未来,センス,女,93,9390000,0,100,34,0,12,11,12,87,14,病死,1,0,93
sim_559,平成,コミュ,男,93,4340000,0,100,34,0,15,15,96,13,6,病死,1,0,93
sim_560,令和,肉体,女,101,6200000,8,100,35,0,14,100,7,15,14,寿命,1,0,101
sim_561,昭和,肉体,女,87,2210000,42,100,34,0,7,87,11,9,13,寿命,1,0,87
sim_562,近未来,頭脳,男,90,8700000,6,100,34,0,96,13,7,12,5,寿命,1,0,90
sim_563,昭和,肉体,女,15,50000,100,100,28,0,6,36,10,13,6,老衰,0,0,15
sim_564,令和,コミュ,男,95,5300000,0,100,34,0,12,7,96,13,10,病死,1,0,95
sim_565,平成,センス,女,91,4080000,0,100,34,0,11,6,5,91,14,病死,1,0,91
sim_566,近未来,コミュ,女,92,9160000,0,100,34,0,15,10,100,13,5,病死,1,0,92
sim_567,近未来,肉体,女,102,11460000,9,100,35,0,8,94,12,11,12,寿命,1,0,102
sim_568,平成,頭脳,女,84,3170000,23,100,33,0,83,15,13,12,15,寿命,1,0,84
sim_569,近未来,肉体,男,18,50000,100,100,28,0,6,41,15,9,6,老衰,0,0,18
sim_570,平成,コミュ,男,90,3950000,14,100,34,0,7,7,90,14,6,寿命,1,0,90
sim_571,平成,頭脳,男,92,4210000,2,100,34,0,98,5,12,15,6,寿命,1,0,92
sim_572,近未来,運,女,94,9620000,0,100,34,50,12,12,9,10,63,病死,1,0,94
sim_573,平成,コミュ,男,87,3560000,2,100,34,0,14,10,92,8,13,寿命,1,0,87
sim_574,昭和,肉体,男,86,2130000,45,100,34,0,8,88,9,5,10,寿命,1,0,86
sim_575,平成,頭脳,女,93,4340000,0,100,34,0,96,5,6,14,6,病死,1,0,93
sim_576,平成,センス,男,79,2520000,44,100,33,0,7,10,5,85,9,寿命,0,0,79
sim_577,平成,コミュ,女,91,4080000,8,100,34,0,13,8,84,13,13,寿命,1,0,91
sim_578,昭和,肉体,女,88,2290000,41,100,34,0,11,78,11,8,9,寿命,1,0,88
sim_579,令和,センス,男,94,5150000,0,100,34,0,6,10,8,95,12,病死,1,0,94
sim_580,近未来,コミュ,男,96,10080000,0,100,34,0,12,7,99,6,8,病死,1,0,96
sim_581,平成,コミュ,女,87,3560000,24,100,34,0,10,12,90,14,11,寿命,1,0,87
sim_582,令和,コミュ,男,91,4700000,0,100,34,0,9,12,100,14,6,病死,1,0,91
sim_583,平成,肉体,女,95,4600000,40,100,34,0,9,86,5,15,11,寿命,1,0,95
sim_584,平成,センス,女,18,50000,100,100,28,0,14,7,5,32,8,老衰,0,0,18
sim_585,昭和,頭脳,女,91,2530000,10,100,34,0,88,8,12,12,5,寿命,1,0,91
sim_586,令和,コミュ,男,93,5000000,15,100,34,0,6,7,92,10,10,寿命,1,0,93
sim_587,平成,頭脳,男,80,2650000,35,100,33,0,80,10,5,9,6,寿命,1,0,80
sim_588,平成,肉体,女,87,3560000,42,100,34,0,11,87,14,12,5,寿命,1,0,87
sim_589,令和,センス,女,90,4550000,0,100,34,0,13,15,14,97,5,病死,1,0,90
sim_590,平成,運,女,95,4600000,0,100,34,50,14,8,8,7,56,病死,1,0,95
sim_591,昭和,コミュ,男,77,1410000,38,100,33,0,14,6,91,6,8,寿命,0,0,77
sim_592,令和,肉体,男,89,4400000,38,100,34,0,12,90,6,5,13,寿命,1,0,89
sim_593,昭和,センス,男,85,2050000,18,100,34,0,6,14,14,91,13,寿命,1,0,85
sim_594,近未来,センス,女,88,8240000,7,100,34,0,12,15,15,95,13,寿命,1,0,88
sim_595,近未来,頭脳,女,92,9160000,0,100,34,0,100,10,14,13,9,病死,1,0,92
sim_596,平成,運,女,91,4080000,0,100,34,50,8,13,7,7,66,病死,1,0,91
sim_597,令和,肉体,女,95,5300000,30,100,34,0,7,92,7,11,8,寿命,1,0,95
sim_598,近未来,センス,男,91,8930000,0,100,34,0,5,6,11,81,11,病死,1,0,91
sim_599,令和,コミュ,男,91,4700000,1,100,34,0,9,9,99,15,6,寿命,1,0,91
sim_600,平成,頭脳,男,92,4210000,0,100,34,0,85,15,7,7,15,病死,1,0,92
sim_601,昭和,肉体,男,89,2370000,40,100,34,0,10,88,9,10,10,寿命,1,0,89
sim_602,昭和,コミュ,男,97,3010000,3,100,35,0,14,11,98,7,5,寿命,1,0,97
sim_603,昭和,肉体,女,77,1410000,65,100,33,0,14,75,6,12,7,寿命,0,0,77
sim_604,近未来,運,女,91,8930000,0,100,34,50,14,11,14,9,60,病死,1,0,91
sim_605,令和,頭脳,男,94,5150000,1,100,34,0,92,11,9,11,7,寿命,1,0,94
sim_606,平成,コミュ,女,93,4340000,0,100,34,0,13,9,91,11,13,病死,1,0,93
sim_607,近未来,コミュ,男,94,9620000,0,100,34,0,8,5,90,13,10,病死,1,0,94
sim_608,昭和,運,女,92,2610000,0,100,34,50,14,12,11,8,63,病死,1,0,92
sim_609,平成,肉体,女,93,4340000,24,100,34,0,5,90,13,7,11,寿命,1,0,93
sim_610,平成,肉体,女,96,4730000,15,100,34,0,15,96,9,15,6,寿命,1,0,96
sim_611,昭和,肉体,女,78,1490000,61,100,33,0,8,77,8,11,11,寿命,0,0,78
sim_612,令和,肉体,男,101,6200000,8,100,35,0,12,97,5,5,8,寿命,1,0,101
sim_613,近未来,コミュ,女,95,9850000,0,100,34,0,8,8,94,9,8,病死,1,0,95
sim_614,近未来,運,女,91,8930000,0,100,34,50,8,14,13,13,63,病死,1,0,91
sim_615,昭和,頭脳,女,90,2450000,19,100,34,0,90,15,14,13,10,寿命,1,0,90
sim_616,近未来,頭脳,女,92,9160000,0,100,34,0,99,6,7,12,9,病死,1,0,92
sim_617,令和,運,男,98,5750000,0,100,35,50,9,15,10,5,61,病死,1,0,98
sim_618,昭和,運,男,90,2450000,0,100,34,50,11,10,5,8,56,病死,1,0,90
sim_619,昭和,頭脳,男,95,2850000,5,100,34,0,84,14,8,15,12,寿命,1,0,95
sim_620,平成,センス,男,87,3560000,17,100,34,0,12,7,12,93,6,寿命,1,0,87
sim_621,平成,肉体,男,98,4990000,11,100,35,0,15,89,11,7,9,寿命,1,0,98
sim_622,平成,肉体,男,91,4080000,32,100,34,0,13,94,6,5,8,寿命,1,0,91
sim_623,昭和,肉体,男,80,1650000,59,100,33,0,10,78,5,8,7,寿命,1,0,80
sim_624,昭和,肉体,男,93,2690000,26,100,34,0,5,92,8,13,11,寿命,1,0,93
sim_625,昭和,頭脳,女,85,2050000,27,100,34,0,80,5,8,10,13,寿命,1,0,85
sim_626,令和,センス,女,92,4850000,0,100,34,0,13,5,14,97,5,病死,1,0,92
sim_627,令和,センス,女,89,4400000,3,100,34,0,9,5,14,94,13,寿命,1,0,89
sim_628,令和,運,男,90,4550000,0,100,34,50,13,14,13,9,65,病死,1,0,90
sim_629,近未来,運,女,93,9390000,0,100,34,50,11,7,5,8,53,病死,1,0,93
sim_630,近未来,頭脳,女,97,10310000,0,100,35,0,84,13,7,6,5,病死,1,0,97
sim_631,平成,頭脳,女,88,3690000,16,100,34,0,92,9,9,9,15,寿命,1,0,88
sim_632,近未来,センス,男,94,9620000,0,100,34,0,9,14,11,92,15,病死,1,0,94
sim_633,近未来,コミュ,女,92,9160000,0,100,34,0,6,5,98,12,6,病死,1,0,92
sim_634,近未来,センス,男,89,8470000,0,100,34,0,11,7,11,89,6,病死,1,0,89
sim_635,近未来,コミュ,女,89,8470000,0,100,34,0,7,14,89,10,10,病死,1,0,89
sim_636,令和,運,男,90,4550000,0,100,34,50,5,10,6,9,56,病死,1,0,90
sim_637,平成,センス,女,88,3690000,16,100,34,0,5,12,9,88,15,寿命,1,0,88
sim_638,近未来,頭脳,女,92,9160000,0,100,34,0,94,15,9,8,6,病死,1,0,92
sim_639,平成,運,男,79,2520000,35,100,33,50,14,8,7,15,57,老衰,0,0,79
sim_640,平成,センス,男,95,4600000,0,100,34,0,10,7,10,93,12,病死,1,0,95
sim_641,昭和,運,男,89,2370000,9,100,34,50,13,10,11,6,57,寿命,1,0,89
sim_642,令和,肉体,男,77,2600000,69,100,33,0,9,77,6,15,7,老衰,0,0,77
sim_643,令和,運,女,95,5300000,0,100,34,50,10,14,13,6,65,病死,1,0,95
sim_644,昭和,肉体,男,78,1490000,63,100,33,0,6,86,6,6,10,寿命,0,0,78
sim_645,令和,コミュ,男,71,1700000,60,100,32,0,8,9,81,14,13,老衰,0,0,71
sim_646,近未来,コミュ,女,94,9620000,0,100,34,0,6,8,95,9,9,病死,1,0,94
sim_647,近未来,頭脳,男,92,9160000,0,100,34,0,95,14,12,12,15,病死,1,0,92
sim_648,昭和,肉体,女,89,2370000,42,100,34,0,5,81,8,13,14,寿命,1,0,89
sim_649,近未来,運,男,90,8700000,0,100,34,50,8,9,13,13,58,病死,1,0,90
sim_650,近未来,センス,女,95,9850000,0,100,34,0,7,13,6,96,9,病死,1,0,95
sim_651,令和,運,女,77,2600000,43,100,33,50,13,6,14,13,53,老衰,0,0,77
sim_652,令和,頭脳,女,89,4400000,0,100,34,0,92,11,8,6,5,病死,1,0,89
sim_653,令和,センス,女,91,4700000,0,100,34,0,9,6,10,93,13,病死,1,0,91
sim_654,平成,運,男,90,3950000,4,100,34,50,15,8,5,14,52,寿命,1,0,90
sim_655,平成,頭脳,女,91,4080000,6,100,34,0,83,10,6,15,5,寿命,1,0,91
sim_656,近未来,コミュ,男,89,8470000,0,100,34,0,15,8,100,15,7,病死,1,0,89
sim_657,近未来,運,女,92,9160000,0,100,34,50,5,14,12,13,54,病死,1,0,92
sim_658,昭和,コミュ,男,94,2770000,0,100,34,0,12,10,90,12,12,病死,1,0,94
sim_659,平成,肉体,男,90,3950000,37,100,34,0,15,85,12,5,10,寿命,1,0,90
sim_660,昭和,コミュ,女,86,2130000,27,100,34,0,7,8,86,12,5,寿命,1,0,86
sim_661,平成,肉体,男,96,4730000,23,100,34,0,13,95,14,6,10,寿命,1,0,96
sim_662,昭和,センス,女,82,1810000,24,100,33,0,9,13,15,90,9,寿命,1,0,82
sim_663,令和,センス,女,91,4700000,0,100,34,0,12,9,13,94,9,病死,1,0,91
sim_664,近未来,センス,男,89,8470000,0,100,34,0,14,11,12,85,8,病死,1,0,89
sim_665,近未来,センス,女,95,9850000,0,100,34,0,8,7,15,87,15,病死,1,0,95
sim_666,平成,肉体,男,103,5640000,0,100,35,0,15,100,7,5,12,病死,1,0,103
sim_667,昭和,頭脳,男,89,2370000,10,100,34,0,93,7,10,12,7,寿命,1,0,89
sim_668,令和,センス,男,89,4400000,12,100,34,0,10,5,6,89,15,寿命,1,0,89
sim_669,近未来,肉体,男,100,11000000,11,100,35,0,5,96,10,15,7,寿命,1,0,100
sim_670,昭和,運,男,92,2610000,4,100,34,50,12,6,6,10,58,寿命,1,0,92
sim_671,令和,肉体,男,103,6500000,0,100,35,0,6,100,10,5,15,病死,1,0,103
sim_672,平成,運,男,88,3690000,22,100,34,50,13,10,14,5,59,寿命,1,0,88
sim_673,近未来,コミュ,女,86,7780000,21,100,34,0,13,13,80,9,7,寿命,1,0,86
sim_674,令和,センス,女,92,4850000,0,100,34,0,9,14,11,96,8,病死,1,0,92
sim_675,令和,センス,男,95,5300000,0,100,34,0,10,12,13,89,13,病死,1,0,95
sim_676,令和,センス,男,92,4850000,7,100,34,0,6,7,9,90,9,寿命,1,0,92
sim_677,近未来,運,男,96,10080000,0,100,34,50,10,9,5,9,56,病死,1,0,96
sim_678,令和,頭脳,男,91,4700000,0,100,34,0,94,10,7,7,14,病死,1,0,91
sim_679,近未来,頭脳,男,92,9160000,0,100,34,0,87,11,14,10,5,病死,1,0,92
sim_680,平成,コミュ,男,82,2910000,19,100,33,0,9,7,88,10,6,寿命,1,0,82
sim_681,昭和,頭脳,男,91,2530000,1,100,34,0,98,9,9,10,8,寿命,1,0,91
sim_682,近未来,頭脳,女,92,9160000,0,100,34,0,97,14,8,12,6,病死,1,0,92
sim_683,近未来,頭脳,女,90,8700000,0,100,34,0,94,5,10,15,15,病死,1,0,90
sim_684,令和,運,女,89,4400000,0,100,34,50,5,10,8,10,66,病死,1,0,89
sim_685,平成,肉体,女,83,3040000,53,100,33,0,10,87,12,5,15,寿命,1,0,83
sim_686,近未来,肉体,女,96,10080000,21,100,34,0,8,97,14,13,8,寿命,1,0,96
sim_687,近未来,肉体,男,101,11230000,4,100,35,0,5,94,12,13,9,寿命,1,0,101
sim_688,令和,センス,女,94,5150000,0,100,34,0,5,14,8,99,7,病死,1,0,94
sim_689,令和,コミュ,女,88,4250000,0,100,34,0,6,12,90,7,8,病死,1,0,88
sim_690,近未来,コミュ,男,95,9850000,0,100,34,0,14,8,93,12,7,病死,1,0,95
sim_691,近未来,頭脳,女,95,9850000,0,100,34,0,95,5,8,7,7,病死,1,0,95
sim_692,平成,センス,女,89,3820000,0,100,34,0,15,6,15,95,9,病死,1,0,89
sim_693,昭和,運,女,85,2050000,16,100,34,50,6,14,15,11,61,寿命,1,0,85
sim_694,近未来,コミュ,女,91,8930000,0,100,34,0,15,13,95,7,9,病死,1,0,91
sim_695,平成,肉体,男,101,5380000,0,100,35,0,8,95,9,5,5,病死,1,0,101
sim_696,昭和,運,女,90,2450000,0,100,34,50,5,11,11,11,61,病死,1,0,90
sim_697,昭和,頭脳,男,90,2450000,3,100,34,0,89,8,6,11,5,寿命,1,0,90
sim_698,平成,コミュ,女,91,4080000,0,100,34,0,13,12,95,14,14,病死,1,0,91
sim_699,昭和,頭脳,女,95,2850000,0,100,34,0,90,8,6,6,9,病死,1,0,95
sim_700,平成,コミュ,男,85,3300000,28,100,34,0,14,11,90,5,13,寿命,1,0,85
sim_701,近未来,肉体,女,99,10770000,16,100,35,0,12,99,7,10,11,寿命,1,0,99
sim_702,令和,肉体,女,96,5450000,21,100,34,0,5,88,13,8,12,寿命,1,0,96
sim_703,平成,コミュ,男,87,3560000,14,100,34,0,7,10,94,13,15,寿命,1,0,87
sim_704,令和,運,男,91,4700000,0,100,34,50,10,8,5,7,58,病死,1,0,91
sim_705,近未来,運,女,88,8240000,10,100,34,50,14,8,7,10,64,寿命,1,0,88
sim_706,平成,肉体,男,95,4600000,18,100,34,0,11,97,10,10,14,寿命,1,0,95
sim_707,昭和,肉体,女,97,3010000,22,100,35,0,7,89,5,15,10,寿命,1,0,97
sim_708,平成,コミュ,女,88,3690000,26,100,34,0,15,6,83,13,11,寿命,1,0,88
sim_709,昭和,コミュ,男,86,2130000,22,100,34,0,13,8,88,12,12,寿命,1,0,86
sim_710,令和,運,女,91,4700000,0,100,34,50,13,14,7,9,63,病死,1,0,91
sim_711,平成,コミュ,女,92,4210000,0,100,34,0,15,10,88,5,15,病死,1,0,92
sim_712,平成,センス,女,94,4470000,0,100,34,0,8,7,13,95,13,病死,1,0,94
sim_713,平成,コミュ,男,85,3300000,22,100,34,0,5,13,90,14,14,寿命,1,0,85
sim_714,近未来,肉体,男,107,12610000,0,100,35,0,7,94,11,14,12,病死,1,0,107
sim_715,昭和,肉体,男,78,1490000,65,100,33,0,7,78,12,13,10,寿命,0,0,78
sim_716,昭和,頭脳,男,87,2210000,18,100,34,0,85,5,15,6,8,寿命,1,0,87
sim_717,平成,コミュ,男,86,3430000,33,100,34,0,13,12,81,12,11,寿命,1,0,86
sim_718,昭和,頭脳,女,77,1410000,53,100,33,0,79,8,13,7,15,寿命,0,0,77
sim_719,近未来,運,男,93,9390000,0,100,34,50,15,5,13,13,58,病死,1,0,93
sim_720,令和,肉体,女,94,5150000,19,100,34,0,8,98,8,13,9,寿命,1,0,94
sim_721,近未来,センス,女,92,9160000,1,100,34,0,8,14,10,94,9,寿命,1,0,92
sim_722,近未来,頭脳,男,92,9160000,0,100,34,0,86,15,15,14,12,病死,1,0,92
sim_723,近未来,センス,男,86,7780000,18,100,34,0,7,11,6,85,6,寿命,1,0,86
sim_724,昭和,運,女,90,2450000,5,100,34,50,7,11,15,8,61,寿命,1,0,90
sim_725,令和,コミュ,女,91,4700000,4,100,34,0,8,14,94,7,14,寿命,1,0,91
sim_726,令和,センス,男,47,50000,100,100,30,0,12,13,9,61,10,老衰,0,0,47
sim_727,平成,運,男,89,3820000,0,100,34,50,6,7,5,7,65,病死,1,0,89
sim_728,近未来,コミュ,女,93,9390000,0,100,34,0,15,12,94,10,13,病死,1,0,93
sim_729,近未来,センス,男,91,8930000,7,100,34,0,5,15,15,93,5,寿命,1,0,91
sim_730,平成,肉体,女,84,3170000,49,100,33,0,12,85,15,13,12,寿命,1,0,84
sim_731,昭和,頭脳,男,90,2450000,0,100,34,0,88,5,6,15,13,病死,1,0,90
sim_732,平成,コミュ,女,90,3950000,0,100,34,0,8,13,100,6,6,病死,1,0,90
sim_733,近未来,運,女,91,8930000,0,100,34,50,8,14,14,13,59,病死,1,0,91
sim_734,平成,頭脳,女,94,4470000,0,100,34,0,95,6,8,11,15,病死,1,0,94
sim_735,昭和,肉体,女,88,2290000,41,100,34,0,6,92,13,8,6,寿命,1,0,88
sim_736,令和,コミュ,男,84,3650000,26,100,33,0,6,5,84,6,10,寿命,1,0,84
sim_737,令和,運,女,95,5300000,0,100,34,50,9,6,11,14,64,病死,1,0,95
sim_738,令和,運,男,95,5300000,0,100,34,50,11,14,15,5,65,病死,1,0,95
sim_739,令和,運,男,90,4550000,0,100,34,50,8,6,11,9,67,病死,1,0,90
sim_740,昭和,頭脳,女,79,1570000,32,100,33,0,87,8,6,14,9,寿命,0,0,79
sim_741,近未来,肉体,男,95,9850000,24,100,34,0,9,85,7,12,14,寿命,1,0,95
sim_742,令和,センス,男,92,4850000,0,100,34,0,14,12,15,94,14,病死,1,0,92
sim_743,昭和,肉体,女,92,2610000,33,100,34,0,9,94,5,7,8,寿命,1,0,92
sim_744,平成,頭脳,男,91,4080000,12,100,34,0,82,15,7,5,8,寿命,1,0,91
sim_745,昭和,運,男,83,1890000,31,100,33,50,10,6,13,14,55,寿命,1,0,83
sim_746,令和,運,男,93,5000000,0,100,34,50,9,13,9,5,59,病死,1,0,93
sim_747,昭和,コミュ,男,90,2450000,0,100,34,0,6,10,92,11,10,病死,1,0,90
sim_748,昭和,センス,男,79,1570000,32,100,33,0,9,5,9,82,13,寿命,0,0,79
sim_749,近未来,肉体,男,100,11000000,13,100,35,0,7,92,5,13,10,寿命,1,0,100
sim_750,近未来,コミュ,男,89,8470000,0,100,34,0,11,7,99,7,15,病死,1,0,89
sim_751,令和,運,男,90,4550000,0,100,34,50,13,10,6,15,61,病死,1,0,90
sim_752,平成,肉体,女,105,5900000,0,100,35,0,6,100,5,13,10,病死,1,0,105
sim_753,平成,コミュ,女,79,2520000,32,100,33,0,11,10,81,9,14,寿命,0,0,79
sim_754,令和,センス,女,67,1100000,66,100,32,0,9,9,12,70,11,老衰,0,0,67
sim_755,平成,コミュ,女,91,4080000,0,100,34,0,9,13,95,7,10,病死,1,0,91
sim_756,近未来,頭脳,男,92,9160000,0,100,34,0,85,10,13,8,15,病死,1,0,92
sim_757,近未来,肉体,男,100,11000000,11,100,35,0,11,87,5,7,15,寿命,1,0,100
sim_758,近未来,運,女,92,9160000,0,100,34,50,11,7,7,15,59,病死,1,0,92
sim_759,昭和,頭脳,男,86,2130000,16,100,34,0,85,12,5,13,11,寿命,1,0,86
sim_760,昭和,運,男,96,2930000,0,100,34,50,11,14,15,8,58,病死,1,0,96
sim_761,令和,肉体,女,88,4250000,43,100,34,0,14,87,10,5,15,寿命,1,0,88
sim_762,近未来,コミュ,男,85,7550000,17,100,34,0,12,9,86,11,12,寿命,1,0,85
sim_763,昭和,センス,女,69,770000,59,100,32,0,9,13,15,69,8,老衰,0,0,69
sim_764,近未来,肉体,男,90,8700000,41,100,34,0,15,82,15,8,15,寿命,1,0,90
sim_765,令和,コミュ,女,67,1100000,68,100,32,0,11,12,75,7,9,老衰,0,0,67
sim_766,平成,コミュ,女,94,4470000,0,100,34,0,12,13,96,15,15,病死,1,0,94
sim_767,昭和,センス,女,90,2450000,0,100,34,0,5,10,15,88,15,病死,1,0,90
sim_768,近未来,コミュ,女,92,9160000,0,100,34,0,11,8,95,13,6,病死,1,0,92
sim_769,令和,センス,女,89,4400000,9,100,34,0,8,7,14,95,11,寿命,1,0,89
sim_770,近未来,コミュ,女,92,9160000,0,100,34,0,15,6,99,15,11,病死,1,0,92
sim_771,近未来,センス,男,92,9160000,0,100,34,0,14,10,11,92,13,病死,1,0,92
sim_772,昭和,頭脳,男,90,2450000,2,100,34,0,89,15,13,11,8,寿命,1,0,90
sim_773,近未来,運,男,93,9390000,0,100,34,50,14,6,14,5,57,病死,1,0,93
sim_774,近未来,運,男,92,9160000,0,100,34,50,15,5,14,7,62,病死,1,0,92
sim_775,近未来,頭脳,女,94,9620000,1,100,34,0,93,10,9,6,15,寿命,1,0,94
sim_776,平成,頭脳,女,89,3820000,0,100,34,0,99,6,12,12,11,病死,1,0,89
sim_777,平成,肉体,男,93,4340000,26,100,34,0,13,93,12,7,14,寿命,1,0,93
sim_778,平成,コミュ,女,92,4210000,1,100,34,0,8,8,88,6,5,寿命,1,0,92
sim_779,近未来,センス,女,88,8240000,17,100,34,0,7,9,14,84,5,寿命,1,0,88
sim_780,近未来,肉体,女,106,12380000,0,100,35,0,15,99,5,5,5,病死,1,0,106
sim_781,平成,運,男,91,4080000,0,100,34,50,13,13,8,7,60,病死,1,0,91
sim_782,昭和,コミュ,女,84,1970000,17,100,33,0,10,12,94,5,12,寿命,1,0,84
sim_783,平成,コミュ,女,88,3690000,9,100,34,0,8,5,91,10,12,寿命,1,0,88
sim_784,近未来,センス,女,91,8930000,0,100,34,0,11,11,10,91,14,病死,1,0,91
sim_785,平成,センス,女,90,3950000,0,100,34,0,14,11,9,90,10,病死,1,0,90
sim_786,平成,センス,女,73,1740000,58,100,33,0,13,11,13,78,12,老衰,0,0,73
sim_787,近未来,運,女,92,9160000,0,100,34,50,5,12,8,15,65,病死,1,0,92
sim_788,平成,センス,男,84,3170000,35,100,33,0,9,6,12,92,10,寿命,1,0,84
sim_789,昭和,センス,女,85,2050000,34,100,34,0,10,13,12,83,15,寿命,1,0,85
sim_790,令和,頭脳,男,90,4550000,0,100,34,0,89,12,15,5,11,病死,1,0,90
sim_791,昭和,肉体,女,100,3250000,19,100,35,0,10,89,13,12,8,寿命,1,0,100
sim_792,平成,コミュ,女,92,4210000,0,100,34,0,10,7,94,14,13,病死,1,0,92
sim_793,令和,頭脳,女,85,3800000,19,100,34,0,84,6,14,15,10,寿命,1,0,85
sim_794,令和,コミュ,男,64,650000,78,100,32,0,10,9,73,12,7,老衰,0,0,64
sim_795,令和,頭脳,女,86,3950000,27,100,34,0,82,8,5,12,15,寿命,1,0,86
sim_796,昭和,コミュ,男,84,1970000,23,100,33,0,9,5,93,5,6,寿命,1,0,84
sim_797,近未来,運,男,92,9160000,0,100,34,50,12,11,14,15,57,病死,1,0,92
sim_798,近未来,センス,女,88,8240000,0,100,34,0,14,15,9,95,12,病死,1,0,88
sim_799,昭和,コミュ,女,91,2530000,10,100,34,0,6,7,95,7,13,寿命,1,0,91
sim_800,平成,センス,女,88,3690000,14,100,34,0,14,10,8,87,15,寿命,1,0,88
sim_801,平成,頭脳,男,91,4080000,8,100,34,0,90,10,6,14,7,寿命,1,0,91
sim_802,平成,センス,男,91,4080000,6,100,34,0,15,9,5,94,14,寿命,1,0,91
sim_803,近未来,肉体,男,103,11690000,0,100,35,0,15,100,11,15,8,病死,1,0,103
sim_804,平成,コミュ,男,86,3430000,12,100,34,0,10,12,87,13,12,寿命,1,0,86
sim_805,近未来,肉体,女,97,10310000,16,100,35,0,6,100,13,12,8,寿命,1,0,97
sim_806,近未来,頭脳,男,89,8470000,0,100,34,0,92,12,8,15,10,病死,1,0,89
sim_807,令和,肉体,女,93,5000000,20,100,34,0,7,88,12,12,11,寿命,1,0,93
sim_808,平成,コミュ,女,91,4080000,18,100,34,0,6,7,93,12,12,寿命,1,0,91
sim_809,令和,肉体,男,93,5000000,24,100,34,0,7,99,6,15,9,寿命,1,0,93
sim_810,昭和,センス,男,86,2130000,28,100,34,0,12,9,10,81,6,寿命,1,0,86
sim_811,昭和,運,男,88,2290000,19,100,34,50,14,6,8,11,62,寿命,1,0,88
sim_812,昭和,肉体,女,86,2130000,47,100,34,0,15,78,6,9,7,寿命,1,0,86
sim_813,平成,コミュ,男,84,3170000,38,100,33,0,5,10,82,8,6,寿命,1,0,84
sim_814,近未来,肉体,男,102,11460000,0,100,35,0,8,100,12,13,7,病死,1,0,102
sim_815,近未来,運,男,94,9620000,0,100,34,50,6,15,6,6,62,病死,1,0,94
sim_816,平成,センス,男,92,4210000,0,100,34,0,15,6,12,91,11,病死,1,0,92
sim_817,平成,センス,男,79,2520000,36,100,33,0,13,7,7,85,10,寿命,0,0,79
sim_818,令和,コミュ,女,90,4550000,13,100,34,0,14,8,95,10,14,寿命,1,0,90
sim_819,令和,運,男,84,3650000,17,100,33,50,12,9,11,11,52,寿命,1,0,84
sim_820,近未来,肉体,女,91,8930000,28,100,34,0,14,88,11,7,9,寿命,1,0,91
sim_821,令和,センス,男,83,3500000,33,100,33,0,14,6,8,89,9,寿命,1,0,83
sim_822,平成,センス,男,88,3690000,16,100,34,0,9,8,5,87,6,寿命,1,0,88
sim_823,令和,頭脳,男,93,5000000,0,100,34,0,89,11,9,6,12,病死,1,0,93
sim_824,昭和,コミュ,男,90,2450000,0,100,34,0,11,12,91,15,15,病死,1,0,90
sim_825,平成,コミュ,女,86,3430000,15,100,34,0,12,7,92,13,14,寿命,1,0,86
sim_826,平成,コミュ,男,91,4080000,1,100,34,0,11,13,98,12,15,寿命,1,0,91
sim_827,令和,肉体,男,98,5750000,15,100,35,0,8,88,11,10,10,寿命,1,0,98
sim_828,近未来,センス,男,89,8470000,0,100,34,0,7,11,10,100,7,病死,1,0,89
sim_829,近未来,運,男,89,8470000,0,100,34,50,7,14,12,12,58,病死,1,0,89
sim_830,平成,頭脳,女,92,4210000,0,100,34,0,95,5,8,15,9,病死,1,0,92
sim_831,昭和,センス,女,90,2450000,3,100,34,0,7,11,10,94,14,寿命,1,0,90
sim_832,昭和,センス,女,91,2530000,0,100,34,0,5,15,8,96,11,病死,1,0,91
sim_833,近未来,コミュ,男,95,9850000,0,100,34,0,11,13,92,8,12,病死,1,0,95
sim_834,平成,センス,男,82,2910000,29,100,33,0,5,8,11,78,12,寿命,1,0,82
sim_835,令和,センス,女,88,4250000,14,100,34,0,11,7,13,87,13,寿命,1,0,88
sim_836,昭和,頭脳,男,81,1730000,42,100,33,0,85,10,15,5,11,寿命,1,0,81
sim_837,平成,頭脳,女,95,4600000,0,100,34,0,93,8,15,14,11,病死,1,0,95
sim_838,令和,コミュ,男,96,5450000,1,100,34,0,5,10,91,11,10,寿命,1,0,96
sim_839,昭和,センス,男,89,2370000,7,100,34,0,15,15,6,92,8,寿命,1,0,89
sim_840,昭和,肉体,男,88,2290000,41,100,34,0,11,89,8,13,5,寿命,1,0,88
sim_841,令和,肉体,男,92,4850000,33,100,34,0,8,91,10,12,11,寿命,1,0,92
sim_842,近未来,コミュ,男,89,8470000,0,100,34,0,15,12,91,8,11,病死,1,0,89
sim_843,令和,運,女,90,4550000,0,100,34,50,7,9,9,11,68,病死,1,0,90
sim_844,近未来,頭脳,男,92,9160000,0,100,34,0,85,13,12,6,11,病死,1,0,92
sim_845,令和,頭脳,女,90,4550000,0,100,34,0,99,7,10,9,14,病死,1,0,90
sim_846,近未来,コミュ,男,91,8930000,0,100,34,0,13,8,89,14,9,病死,1,0,91
sim_847,昭和,肉体,女,90,2450000,37,100,34,0,7,88,7,14,5,寿命,1,0,90
sim_848,昭和,肉体,男,78,1490000,63,100,33,0,7,83,11,14,14,寿命,0,0,78
sim_849,平成,肉体,男,105,5900000,0,100,35,0,13,98,13,15,6,病死,1,0,105
sim_850,昭和,肉体,女,96,2930000,25,100,34,0,6,90,9,15,8,寿命,1,0,96
sim_851,近未来,センス,男,90,8700000,0,100,34,0,7,5,7,100,7,病死,1,0,90
sim_852,近未来,運,女,90,8700000,0,100,34,50,9,11,8,5,66,病死,1,0,90
sim_853,昭和,肉体,男,88,2290000,41,100,34,0,5,82,7,13,11,寿命,1,0,88
sim_854,平成,コミュ,男,96,4730000,0,100,34,0,14,8,90,10,15,病死,1,0,96
sim_855,昭和,頭脳,女,84,1970000,25,100,33,0,78,7,7,14,9,寿命,1,0,84
sim_856,近未来,運,女,92,9160000,0,100,34,50,6,11,7,7,67,病死,1,0,92
sim_857,近未来,コミュ,女,93,9390000,0,100,34,0,5,11,92,14,14,病死,1,0,93
sim_858,令和,肉体,男,43,50000,100,100,30,0,9,50,6,9,6,老衰,0,0,43
sim_859,昭和,肉体,女,76,1330000,63,100,33,0,14,86,15,15,11,寿命,0,0,76
sim_860,平成,肉体,女,87,3560000,44,100,34,0,8,84,13,11,7,寿命,1,0,87
sim_861,令和,運,男,92,4850000,0,100,34,50,5,15,7,5,55,病死,1,0,92
sim_862,平成,センス,男,87,3560000,17,100,34,0,5,15,10,84,9,寿命,1,0,87
sim_863,昭和,運,女,89,2370000,22,100,34,50,7,15,6,7,63,寿命,1,0,89
sim_864,平成,コミュ,女,87,3560000,16,100,34,0,15,9,86,13,8,寿命,1,0,87
sim_865,近未来,頭脳,男,93,9390000,0,100,34,0,93,6,9,8,11,病死,1,0,93
sim_866,平成,センス,男,94,4470000,0,100,34,0,7,10,15,89,15,病死,1,0,94
sim_867,平成,センス,男,94,4470000,0,100,34,0,9,6,14,90,9,病死,1,0,94
sim_868,令和,肉体,女,100,6050000,15,100,35,0,6,87,13,15,10,寿命,1,0,100
sim_869,平成,頭脳,女,93,4340000,0,100,34,0,97,9,5,14,9,病死,1,0,93
sim_870,昭和,肉体,女,84,1970000,51,100,33,0,15,82,7,15,15,寿命,1,0,84
sim_871,近未来,センス,男,95,9850000,0,100,34,0,6,6,12,83,12,病死,1,0,95
sim_872,令和,肉体,男,102,6350000,3,100,35,0,11,100,15,15,9,寿命,1,0,102
sim_873,平成,肉体,女,88,3690000,43,100,34,0,6,79,9,15,15,寿命,1,0,88
sim_874,平成,センス,女,95,4600000,0,100,34,0,9,7,15,98,7,病死,1,0,95
sim_875,平成,コミュ,男,88,3690000,7,100,34,0,5,10,91,9,10,寿命,1,0,88
sim_876,平成,コミュ,男,91,4080000,19,100,34,0,8,7,86,13,11,寿命,1,0,91
sim_877,平成,頭脳,男,94,4470000,0,100,34,0,98,11,6,14,10,病死,1,0,94
sim_878,近未来,センス,女,91,8930000,0,100,34,0,11,11,6,95,15,病死,1,0,91
sim_879,近未来,頭脳,男,74,5020000,47,100,33,0,81,9,7,12,14,老衰,0,0,74
sim_880,令和,センス,男,92,4850000,0,100,34,0,9,10,13,93,12,病死,1,0,92
sim_881,令和,肉体,男,81,3200000,57,100,33,0,15,90,7,11,13,老衰,1,0,81
sim_882,平成,コミュ,女,83,3040000,33,100,33,0,9,5,78,10,11,寿命,1,0,83
sim_883,令和,頭脳,男,83,3500000,34,100,33,0,91,7,13,14,5,寿命,1,0,83
sim_884,令和,コミュ,男,91,4700000,0,100,34,0,8,11,93,14,8,病死,1,0,91
sim_885,近未来,センス,男,96,10080000,0,100,34,0,13,6,11,95,8,病死,1,0,96
sim_886,平成,コミュ,女,90,3950000,14,100,34,0,12,13,84,9,12,寿命,1,0,90
sim_887,近未来,コミュ,女,92,9160000,0,100,34,0,10,8,95,9,8,病死,1,0,92
sim_888,令和,肉体,男,89,4400000,40,100,34,0,11,83,7,8,6,寿命,1,0,89
sim_889,令和,運,女,91,4700000,4,100,34,50,12,12,14,8,56,寿命,1,0,91
sim_890,平成,頭脳,男,89,3820000,27,100,34,0,87,7,10,6,13,寿命,1,0,89
sim_891,平成,コミュ,女,88,3690000,16,100,34,0,10,13,88,13,6,寿命,1,0,88
sim_892,近未来,コミュ,男,89,8470000,0,100,34,0,14,13,92,10,6,病死,1,0,89
sim_893,平成,運,女,88,3690000,0,100,34,50,11,14,13,9,62,病死,1,0,88
sim_894,平成,肉体,男,92,4210000,25,100,34,0,10,91,11,9,13,寿命,1,0,92
sim_895,令和,コミュ,女,91,4700000,10,100,34,0,12,14,96,5,5,寿命,1,0,91
sim_896,近未来,頭脳,女,93,9390000,0,100,34,0,94,7,5,13,12,病死,1,0,93
sim_897,近未来,肉体,女,103,11690000,8,100,35,0,5,91,12,7,15,寿命,1,0,103
sim_898,令和,センス,男,91,4700000,0,100,34,0,5,9,11,99,7,病死,1,0,91
sim_899,近未来,センス,男,90,8700000,0,100,34,0,7,12,15,94,8,病死,1,0,90
sim_900,令和,頭脳,女,86,3950000,15,100,34,0,91,7,8,11,13,寿命,1,0,86
sim_901,昭和,肉体,男,84,1970000,47,100,33,0,13,82,7,14,9,寿命,1,0,84
sim_902,平成,肉体,女,90,3950000,37,100,34,0,15,83,9,13,12,寿命,1,0,90
sim_903,平成,頭脳,男,94,4470000,0,100,34,0,95,13,8,7,7,病死,1,0,94
sim_904,令和,センス,男,82,3350000,17,100,33,0,5,13,13,87,6,寿命,1,0,82
sim_905,平成,肉体,女,96,4730000,31,100,34,0,9,92,8,11,5,寿命,1,0,96
sim_906,昭和,運,女,86,2130000,12,100,34,50,9,14,14,13,57,寿命,1,0,86
sim_907,平成,センス,女,86,3430000,21,100,34,0,11,13,5,80,10,寿命,1,0,86
sim_908,令和,肉体,女,100,6050000,15,100,35,0,9,87,11,10,15,寿命,1,0,100
sim_909,令和,肉体,男,87,4100000,40,100,34,0,5,84,5,12,10,寿命,1,0,87
sim_910,近未来,運,男,94,9620000,0,100,34,50,13,7,10,9,64,病死,1,0,94
sim_911,近未来,コミュ,女,89,8470000,0,100,34,0,7,12,100,15,14,病死,1,0,89
sim_912,平成,センス,女,90,3950000,0,100,34,0,11,12,10,98,9,病死,1,0,90
sim_913,令和,頭脳,女,92,4850000,5,100,34,0,87,15,5,7,13,寿命,1,0,92
sim_914,近未来,センス,女,92,9160000,0,100,34,0,9,10,14,90,14,病死,1,0,92
sim_915,令和,運,男,77,2600000,51,100,33,50,11,13,5,15,54,老衰,0,0,77
sim_916,昭和,コミュ,男,92,2610000,0,100,34,0,9,10,93,9,14,病死,1,0,92
sim_917,平成,運,男,87,3560000,12,100,34,50,7,10,6,13,59,寿命,1,0,87
sim_918,平成,運,女,94,4470000,4,100,34,50,7,14,13,14,55,寿命,1,0,94
sim_919,令和,肉体,女,97,5600000,26,100,35,0,6,93,10,11,14,寿命,1,0,97
sim_920,近未来,センス,男,84,7320000,19,100,33,0,15,15,11,87,12,寿命,1,0,84
sim_921,平成,頭脳,女,87,3560000,17,100,34,0,86,15,10,15,12,寿命,1,0,87
sim_922,令和,肉体,男,95,5300000,26,100,34,0,5,92,5,7,9,寿命,1,0,95
sim_923,近未来,運,男,94,9620000,0,100,34,50,13,12,9,10,67,病死,1,0,94
sim_924,近未来,頭脳,女,92,9160000,8,100,34,0,88,9,8,6,13,寿命,1,0,92
sim_925,近未来,頭脳,女,90,8700000,0,100,34,0,91,7,10,7,6,病死,1,0,90
sim_926,平成,運,女,91,4080000,1,100,34,50,14,9,11,7,56,寿命,1,0,91
sim_927,近未来,コミュ,女,91,8930000,0,100,34,0,13,8,97,8,10,病死,1,0,91
sim_928,令和,肉体,女,99,5900000,20,100,35,0,11,88,10,15,5,寿命,1,0,99
sim_929,近未来,運,男,91,8930000,0,100,34,50,6,8,8,15,65,病死,1,0,91
sim_930,令和,コミュ,女,91,4700000,3,100,34,0,11,13,91,14,13,寿命,1,0,91
sim_931,令和,頭脳,女,94,5150000,0,100,34,0,88,9,10,12,15,病死,1,0,94
sim_932,昭和,運,男,93,2690000,2,100,34,50,14,8,5,13,52,寿命,1,0,93
sim_933,近未来,頭脳,女,89,8470000,0,100,34,0,91,9,6,14,11,病死,1,0,89
sim_934,近未来,運,男,91,8930000,0,100,34,50,15,8,10,11,62,病死,1,0,91
sim_935,昭和,コミュ,女,31,50000,100,100,29,0,14,13,49,5,13,老衰,0,0,31
sim_936,昭和,頭脳,女,91,2530000,0,100,34,0,89,14,9,11,13,病死,1,0,91
sim_937,近未来,コミュ,女,90,8700000,0,100,34,0,9,15,97,13,9,病死,1,0,90
sim_938,昭和,肉体,男,92,2610000,33,100,34,0,12,81,6,8,12,寿命,1,0,92
sim_939,近未来,運,女,93,9390000,0,100,34,50,7,8,14,5,51,病死,1,0,93
sim_940,平成,頭脳,男,92,4210000,0,100,34,0,90,7,11,10,14,病死,1,0,92
sim_941,令和,肉体,女,97,5600000,16,100,35,0,5,95,15,14,11,寿命,1,0,97
sim_942,近未来,センス,女,88,8240000,0,100,34,0,11,10,9,95,11,病死,1,0,88
sim_943,近未来,センス,女,99,10770000,0,100,35,0,5,7,12,82,15,病死,1,0,99
sim_944,近未来,頭脳,女,89,8470000,0,100,34,0,100,14,8,12,15,病死,1,0,89
sim_945,令和,運,男,94,5150000,0,100,34,50,8,6,13,11,59,病死,1,0,94
sim_946,平成,センス,男,87,3560000,0,100,34,0,7,5,8,89,12,病死,1,0,87
sim_947,近未来,肉体,女,102,11460000,3,100,35,0,6,100,13,5,14,寿命,1,0,102
sim_948,令和,センス,女,80,3050000,26,100,33,0,5,7,10,93,10,寿命,1,0,80
sim_949,平成,頭脳,男,92,4210000,0,100,34,0,97,8,10,13,10,病死,1,0,92
sim_950,近未来,肉体,女,105,12150000,6,100,35,0,15,90,13,9,14,寿命,1,0,105
sim_951,近未来,コミュ,女,95,9850000,0,100,34,0,10,8,100,9,10,病死,1,0,95
sim_952,令和,センス,男,91,4700000,0,100,34,0,9,13,15,91,5,病死,1,0,91
sim_953,昭和,頭脳,男,86,2130000,20,100,34,0,92,8,7,12,5,寿命,1,0,86
sim_954,近未来,頭脳,女,91,8930000,0,100,34,0,96,12,8,14,11,病死,1,0,91
sim_955,平成,センス,男,85,3300000,26,100,34,0,10,12,15,88,7,寿命,1,0,85
sim_956,昭和,コミュ,男,88,2290000,13,100,34,0,6,5,80,9,5,寿命,1,0,88
sim_957,近未来,運,男,91,8930000,0,100,34,50,11,8,5,13,63,病死,1,0,91
sim_958,平成,頭脳,男,88,3690000,17,100,34,0,85,7,12,9,8,寿命,1,0,88
sim_959,昭和,コミュ,女,91,2530000,6,100,34,0,5,7,87,11,14,寿命,1,0,91
sim_960,昭和,頭脳,女,89,2370000,0,100,34,0,100,5,7,9,10,病死,1,0,89
sim_961,近未来,センス,男,54,1500000,96,100,31,0,10,6,9,64,13,老衰,0,0,54
sim_962,昭和,コミュ,男,25,50000,100,100,29,0,5,10,40,14,11,老衰,0,0,25
sim_963,近未来,センス,女,88,8240000,7,100,34,0,6,10,5,93,8,寿命,1,0,88
sim_964,令和,コミュ,男,83,3500000,35,100,33,0,5,12,88,8,14,寿命,1,0,83
sim_965,昭和,肉体,女,89,2370000,46,100,34,0,15,90,10,6,13,寿命,1,0,89
sim_966,平成,運,男,94,4470000,0,100,34,50,10,8,12,11,60,病死,1,0,94
sim_967,近未来,肉体,女,96,10080000,21,100,34,0,15,92,11,9,6,寿命,1,0,96
sim_968,昭和,運,女,91,2530000,4,100,34,50,10,6,6,14,62,寿命,1,0,91
sim_969,近未来,センス,男,64,2720000,68,100,32,0,13,15,8,65,14,老衰,0,0,64
sim_970,令和,頭脳,男,71,1700000,58,100,32,0,70,10,7,13,10,老衰,0,0,71
sim_971,平成,肉体,女,97,4860000,26,100,35,0,15,82,8,15,6,寿命,1,0,97
sim_972,平成,肉体,女,85,3300000,48,100,34,0,9,86,8,11,14,寿命,1,0,85
sim_973,平成,肉体,男,87,3560000,52,100,34,0,12,82,14,9,9,寿命,1,0,87
sim_974,近未来,センス,女,91,8930000,0,100,34,0,13,11,15,91,7,病死,1,0,91
sim_975,近未来,頭脳,男,90,8700000,0,100,34,0,89,5,7,8,15,病死,1,0,90
sim_976,昭和,コミュ,女,83,1890000,27,100,33,0,11,13,91,9,6,寿命,1,0,83
sim_977,昭和,肉体,女,80,1650000,65,100,33,0,7,80,13,12,9,寿命,1,0,80
sim_978,近未来,コミュ,女,92,9160000,0,100,34,0,12,8,96,7,14,病死,1,0,92
sim_979,令和,運,男,93,5000000,0,100,34,50,7,8,5,12,58,病死,1,0,93
sim_980,昭和,運,女,88,2290000,20,100,34,50,9,14,7,13,56,寿命,1,0,88
sim_981,平成,運,男,94,4470000,0,100,34,50,10,6,11,9,50,病死,1,0,94
sim_982,昭和,頭脳,男,88,2290000,16,100,34,0,81,9,6,14,14,寿命,1,0,88
sim_983,平成,コミュ,男,86,3430000,15,100,34,0,9,14,95,5,14,寿命,1,0,86
sim_984,近未来,運,女,92,9160000,0,100,34,50,9,8,13,8,56,病死,1,0,92
sim_985,昭和,センス,男,79,1570000,32,100,33,0,12,15,5,84,14,寿命,0,0,79
sim_986,近未来,頭脳,女,93,9390000,0,100,34,0,88,10,14,5,5,病死,1,0,93
sim_987,近未来,コミュ,男,92,9160000,0,100,34,0,7,13,88,13,12,病死,1,0,92
sim_988,令和,運,男,89,4400000,5,100,34,50,9,6,12,9,61,寿命,1,0,89
sim_989,近未来,センス,女,77,5710000,32,100,33,0,15,14,11,75,7,老衰,0,0,77
sim_990,昭和,センス,女,81,1730000,41,100,33,0,9,12,14,87,13,寿命,1,0,81
sim_991,令和,頭脳,女,91,4700000,0,100,34,0,91,8,7,11,12,病死,1,0,91
sim_992,平成,頭脳,男,84,3170000,20,100,33,0,92,5,7,15,14,寿命,1,0,84
sim_993,令和,運,女,92,4850000,0,100,34,50,12,11,6,8,62,病死,1,0,92
sim_994,平成,センス,男,78,2390000,41,100,33,0,9,5,15,76,9,寿命,0,0,78
sim_995,平成,頭脳,男,89,3820000,0,100,34,0,98,6,12,12,12,病死,1,0,89
sim_996,昭和,運,女,95,2850000,0,100,34,50,5,6,7,10,65,病死,1,0,95
sim_997,平成,肉体,女,90,3950000,33,100,34,0,15,86,11,6,6,寿命,1,0,90
sim_998,平成,コミュ,男,92,4210000,0,100,34,0,9,5,88,12,13,病死,1,0,92
sim_999,昭和,肉体,男,89,2370000,38,100,34,0,6,87,11,15,6,寿命,1,0,89
